cluster_id,keyword_hit,advertiser_name,page_id,ad_archive_id,started_running,still_active,days_live,countries,surfaces,variant_count,hook_first_line,headline,destination_url,eu_reach,longest_single_creative_days,total_span_days,relaunch,country_count,aftenskole_flag,target_ages,target_gender,lp_h1,lp_page_type,price_visible
C4,somatic,Within The Ultimate Darkness Retreat,365508219990066,1232426285344506,2025-06-16,True,439,DK,instagram,2,Welcome to Within – The Ultimate Darkness Retreat 🌑. Discover a place where complete darkness and silence reveal the power within you. Are you ready for a life-changing journey?,instagram.com,instagram.com,22176,439,439,False,1,False,35-55,All,Instagram,application_form,$1
C4,dysregulated,Hope Affirm Thrive. Your Roadmap Through IVF,314188828439232,1912814682904991,2025-07-17,True,408,DK,facebook|instagram,1,When “it didn’t happen to me” still hurts: Vicarious trauma in the IVF community,instagram.com,instagram.com,1394,408,408,False,4,False,18-65,Women,Instagram,application_form,$1
C4,dysregulated,Hope Affirm Thrive. Your Roadmap Through IVF,314188828439232,1912814682904991,2025-07-17,True,408,DE,facebook|instagram,1,When “it didn’t happen to me” still hurts: Vicarious trauma in the IVF community,instagram.com,instagram.com,1394,408,408,False,4,False,18-65,Women,Instagram,application_form,$1
C4,dysregulated,Hope Affirm Thrive. Your Roadmap Through IVF,314188828439232,1912814682904991,2025-07-17,True,408,NL,facebook|instagram,1,When “it didn’t happen to me” still hurts: Vicarious trauma in the IVF community,instagram.com,instagram.com,1394,408,408,False,4,False,18-65,Women,Instagram,application_form,$1
C4,dysregulated,Hope Affirm Thrive. Your Roadmap Through IVF,314188828439232,1912814682904991,2025-07-17,True,408,AU,facebook|instagram,1,When “it didn’t happen to me” still hurts: Vicarious trauma in the IVF community,instagram.com,instagram.com,1394,408,408,False,4,False,18-65,Women,Instagram,application_form,$1
C8,stresshåndtering,CA Studiepartner og a-kasse,228362703852838,833426205821988,2025-10-17,True,316,DK,facebook|instagram|audience_network|messenger|threads,2,Hvor mange rigtige fik du? 🤝,,www.ca.dk,44102,316,316,False,1,False,18-65,All,Den helt rigtige a-kasse,application_form,0 kr
C8,stresshåndtering,CA Studiepartner og a-kasse,228362703852838,713340008445013,2025-10-22,True,311,DK,facebook|instagram|audience_network|messenger|threads,2,3 hurtige tips til din work life balance 📧💙,,www.ca.dk,1468,311,311,False,1,False,18-65,All,Den helt rigtige a-kasse,application_form,0 kr
C6,burnout recovery,PDF Guide Sanctuary ,826857527181106,855537806843848,2025-11-23,True,279,GB,facebook|instagram|messenger|threads,1,"Burnout doesn’t just drain your energy—it clouds your clarity, dulls your passion, and makes it hard to see a way forward. If you’ve given everything to your career and feel like you’ve lost yourself in the process, this guide offers both the grounding and direction you’ve been searching for. With practical recovery tools, reflective exercises, and a clear map to rebuild from exhaustion, it helps you reconnect with who you are beyond the burnout. You’ll walk away with renewed energy, a sense of clarity, and a plan to move into your next chapter with confidence.",Why You Might Find This Guide Helpful,pdfguidesanctuary.com,,279,279,False,3,False,18-65,All,The PDF Guide Sanctuary,direct_checkout,gated
C6,burnout recovery,PDF Guide Sanctuary ,826857527181106,855537806843848,2025-11-23,True,279,US,facebook|instagram|messenger|threads,1,"Burnout doesn’t just drain your energy—it clouds your clarity, dulls your passion, and makes it hard to see a way forward. If you’ve given everything to your career and feel like you’ve lost yourself in the process, this guide offers both the grounding and direction you’ve been searching for. With practical recovery tools, reflective exercises, and a clear map to rebuild from exhaustion, it helps you reconnect with who you are beyond the burnout. You’ll walk away with renewed energy, a sense of clarity, and a plan to move into your next chapter with confidence.",Why You Might Find This Guide Helpful,pdfguidesanctuary.com,,279,279,False,3,False,18-65,All,The PDF Guide Sanctuary,direct_checkout,gated
C6,burnout recovery,PDF Guide Sanctuary ,826857527181106,855537806843848,2025-11-23,True,279,AU,facebook|instagram|messenger|threads,1,"Burnout doesn’t just drain your energy—it clouds your clarity, dulls your passion, and makes it hard to see a way forward. If you’ve given everything to your career and feel like you’ve lost yourself in the process, this guide offers both the grounding and direction you’ve been searching for. With practical recovery tools, reflective exercises, and a clear map to rebuild from exhaustion, it helps you reconnect with who you are beyond the burnout. You’ll walk away with renewed energy, a sense of clarity, and a plan to move into your next chapter with confidence.",Why You Might Find This Guide Helpful,pdfguidesanctuary.com,,279,279,False,3,False,18-65,All,The PDF Guide Sanctuary,direct_checkout,gated
C6,burnout recovery,PDF Guide Sanctuary ,826857527181106,4138106806501163,2025-11-27,True,275,GB,facebook|instagram|messenger|threads,1,"Burnout doesn’t just drain your energy—it clouds your clarity, dulls your passion, and makes it hard to see a way forward. If you’ve given everything to your career and feel like you’ve lost yourself in the process, this guide offers both the grounding and direction you’ve been searching for. With practical recovery tools, reflective exercises, and a clear map to rebuild from exhaustion, it helps you reconnect with who you are beyond the burnout. You’ll walk away with renewed energy, a sense of clarity, and a plan to move into your next chapter with confidence.",Why You Might Find This Guide Helpful,pdfguidesanctuary.com,,279,279,False,3,False,18-65,All,The PDF Guide Sanctuary,direct_checkout,gated
C6,burnout recovery,PDF Guide Sanctuary ,826857527181106,4138106806501163,2025-11-27,True,275,US,facebook|instagram|messenger|threads,1,"Burnout doesn’t just drain your energy—it clouds your clarity, dulls your passion, and makes it hard to see a way forward. If you’ve given everything to your career and feel like you’ve lost yourself in the process, this guide offers both the grounding and direction you’ve been searching for. With practical recovery tools, reflective exercises, and a clear map to rebuild from exhaustion, it helps you reconnect with who you are beyond the burnout. You’ll walk away with renewed energy, a sense of clarity, and a plan to move into your next chapter with confidence.",Why You Might Find This Guide Helpful,pdfguidesanctuary.com,,279,279,False,3,False,18-65,All,The PDF Guide Sanctuary,direct_checkout,gated
C6,burnout recovery,PDF Guide Sanctuary ,826857527181106,4138106806501163,2025-11-27,True,275,AU,facebook|instagram|messenger|threads,1,"Burnout doesn’t just drain your energy—it clouds your clarity, dulls your passion, and makes it hard to see a way forward. If you’ve given everything to your career and feel like you’ve lost yourself in the process, this guide offers both the grounding and direction you’ve been searching for. With practical recovery tools, reflective exercises, and a clear map to rebuild from exhaustion, it helps you reconnect with who you are beyond the burnout. You’ll walk away with renewed energy, a sense of clarity, and a plan to move into your next chapter with confidence.",Why You Might Find This Guide Helpful,pdfguidesanctuary.com,,279,279,False,3,False,18-65,All,The PDF Guide Sanctuary,direct_checkout,gated
C4,regulate your nervous system,Field Wellness MicroDose,895641823624798,1591122611894573,2025-11-28,True,274,GB,facebook|instagram|audience_network|messenger|threads,1,"Life can feel heavy when you’re carrying anxiety, low mood, or old emotional wounds.","Support for a Calmer, Clearer You",Fieldnaturae.com,,274,274,False,3,False,18-65,All,,,
C4,regulate your nervous system,Field Wellness MicroDose,895641823624798,1591122611894573,2025-11-28,True,274,US,facebook|instagram|audience_network|messenger|threads,1,"Life can feel heavy when you’re carrying anxiety, low mood, or old emotional wounds.","Support for a Calmer, Clearer You",Fieldnaturae.com,,274,274,False,3,False,18-65,All,,,
C4,regulate your nervous system,Field Wellness MicroDose,895641823624798,1591122611894573,2025-11-28,True,274,AU,facebook|instagram|audience_network|messenger|threads,1,"Life can feel heavy when you’re carrying anxiety, low mood, or old emotional wounds.","Support for a Calmer, Clearer You",Fieldnaturae.com,,274,274,False,3,False,18-65,All,,,
C8,overtænker,"Mellem-Rummet Retreat, Samsø",707346699279293,2273664719783605,2026-02-16,True,194,DK,facebook|instagram|audience_network|messenger,1,"Kan du genkende følelsen af, at der er noget i dig, som altid er på overarbejde, aldrig kan slappe helt af, eller måske at du overtænker, bekymrer dig eller har svært ved at være helt til stede? Retreatet her tilbyder dig et rum over fem dage, hvor opmærksomheden flyttes fra tanker til nærvær og erfaring i kroppen https://mellem-rummet.dk/event/retreat-bbbb",Akasha Healing Retreat – Forår • Maj 2026,mellem-rummet.dk,72917,194,194,False,1,False,18-65,All,Mellem-rummet,direct_checkout,gated
C2,mental load,First Gadget - Educational game for kids,633935893130589,2426548591121989,2026-02-19,True,191,US,instagram,1,That’s what happens when you pour from an empty cup.,,instagram.com,,191,191,False,2,False,25-65,Women,Instagram,application_form,$1
C2,can't switch off,SoundScan,671404162713664,1031218330073047,2026-02-28,True,182,DK,instagram,1,Can’t switch off at night?,Chinese Nights Await 🌿,hypeddit.com,59618,182,182,False,6,False,18-65,All,Music Promotion Services That Actually Work,application_form,$10 per mo
C2,can't switch off,SoundScan,671404162713664,1031218330073047,2026-02-28,True,182,DE,instagram,1,Can’t switch off at night?,Chinese Nights Await 🌿,hypeddit.com,59618,182,182,False,6,False,18-65,All,Music Promotion Services That Actually Work,application_form,$10 per mo
C2,can't switch off,SoundScan,671404162713664,1031218330073047,2026-02-28,True,182,NL,instagram,1,Can’t switch off at night?,Chinese Nights Await 🌿,hypeddit.com,59618,182,182,False,6,False,18-65,All,Music Promotion Services That Actually Work,application_form,$10 per mo
C2,can't switch off,SoundScan,671404162713664,1031218330073047,2026-02-28,True,182,GB,instagram,1,Can’t switch off at night?,Chinese Nights Await 🌿,hypeddit.com,59618,182,182,False,6,False,18-65,All,Music Promotion Services That Actually Work,application_form,$10 per mo
C2,can't switch off,SoundScan,671404162713664,1031218330073047,2026-02-28,True,182,US,instagram,1,Can’t switch off at night?,Chinese Nights Await 🌿,hypeddit.com,59618,182,182,False,6,False,18-65,All,Music Promotion Services That Actually Work,application_form,$10 per mo
C2,can't switch off,SoundScan,671404162713664,1031218330073047,2026-02-28,True,182,AU,instagram,1,Can’t switch off at night?,Chinese Nights Await 🌿,hypeddit.com,59618,182,182,False,6,False,18-65,All,Music Promotion Services That Actually Work,application_form,$10 per mo
C4,regulate your nervous system,a.c.society,994020340455370,1186551166704839,2026-03-17,True,165,GB,instagram,1,THE 10-MINUTE TRICK THAT REDUCES ANXIETY,,instagram.com,1229,165,165,False,3,False,24-65,All,Instagram,application_form,$1
C4,regulate your nervous system,a.c.society,994020340455370,1186551166704839,2026-03-17,True,165,US,instagram,1,THE 10-MINUTE TRICK THAT REDUCES ANXIETY,,instagram.com,1229,165,165,False,3,False,24-65,All,Instagram,application_form,$1
C4,regulate your nervous system,a.c.society,994020340455370,1186551166704839,2026-03-17,True,165,AU,instagram,1,THE 10-MINUTE TRICK THAT REDUCES ANXIETY,,instagram.com,1229,165,165,False,3,False,24-65,All,Instagram,application_form,$1
C2,can't switch off,karl_williams_leadership_coach,859312750588709,973277111703160,2026-03-22,True,160,GB,facebook|instagram,1,"If you're a leader holding everything together for everyone else, but inside it feels like you're right on the edge of everything falling apart... like one wrong decision could destroy the whole trust in your team,",,instagram.com,,160,160,False,2,False,25-62,All,Instagram,application_form,$1
C2,can't switch off,karl_williams_leadership_coach,859312750588709,973277111703160,2026-03-22,True,160,US,facebook|instagram,1,"If you're a leader holding everything together for everyone else, but inside it feels like you're right on the edge of everything falling apart... like one wrong decision could destroy the whole trust in your team,",,instagram.com,,160,160,False,2,False,25-62,All,Instagram,application_form,$1
C2,mental load,Kara Kuipers,606420925890679,1143579037825900,2026-03-23,True,159,NL,facebook|instagram|audience_network|messenger|threads,1,You work hard to keep it together. And most days you do - but it costs something.,Bracelets that help you take back your thoughts,zox.co,1830,159,159,False,3,False,18-65,All,"Nearly 400,000 5-star reviews",direct_checkout,$50
C2,mental load,Kara Kuipers,606420925890679,1143579037825900,2026-03-23,True,159,US,facebook|instagram|audience_network|messenger|threads,1,You work hard to keep it together. And most days you do - but it costs something.,Bracelets that help you take back your thoughts,zox.co,1830,159,159,False,3,False,18-65,All,"Nearly 400,000 5-star reviews",direct_checkout,$50
C2,mental load,Kara Kuipers,606420925890679,1143579037825900,2026-03-23,True,159,AU,facebook|instagram|audience_network|messenger|threads,1,You work hard to keep it together. And most days you do - but it costs something.,Bracelets that help you take back your thoughts,zox.co,1830,159,159,False,3,False,18-65,All,"Nearly 400,000 5-star reviews",direct_checkout,$50
C6,executive burnout,Medifit Rehabilitation Center,105775274443573,1642736213721341,2026-03-24,True,158,GB,facebook|instagram|audience_network|messenger|threads,2,"If ongoing pressure is still affecting your clarity and energy, structured intervention may be the next step.",Restore Clarity and Control,medifitreha.com,,158,158,False,1,False,18-65,All,Rehabilitation in Spain - Medifit Reha,vsl,gated
C6,burnout recovery,Medifit Rehabilitation Center,105775274443573,1642736213721341,2026-03-24,True,158,GB,facebook|instagram|audience_network|messenger|threads,2,"If ongoing pressure is still affecting your clarity and energy, structured intervention may be the next step.",Restore Clarity and Control,medifitreha.com,,158,158,False,1,False,18-65,All,Rehabilitation in Spain - Medifit Reha,vsl,gated
C5,high functioning,SHO,780774828620986,945937101240282,2026-03-30,True,152,GB,facebook|instagram|audience_network|messenger|threads,1,Newt isn’t just another bottle — it’s designed to feel better every time you use it.,Better to Drink From.,shoreusable.com,,152,152,False,1,False,18-65,All,"SHO - Reusable Water Bottles, Coffee Cups & Flasks",direct_checkout,£10
C2,can't switch off,Mindstar Hypnotherapy,778643558655358,1323522909833615,2026-03-31,True,151,GB,facebook|instagram,1,"If you're a professional who can't switch off from work, even at weekends and even on holiday, then come and follow @mindstarhypnotherapy",,instagram.com,,151,151,False,1,False,30-55,All,Instagram,application_form,$1
C4,dysregulated,Dr. Sara B,909360568922916,1986553088931613,2026-04-05,True,146,US,facebook|instagram|audience_network|messenger|threads,1,"Your nervous system isn't listening to you anymore. It keeps that buzzing, wired alertness going long after your mind is exhausted, leaving you clenching your jaw by 10am. You can't 'think' your way to calm because stress isn't just in your head—it's a physical state, locked in your body by a dysregulated HPA-axis.","Finally, An 'Off Switch' For Stress",mynumy.com,5096,146,146,False,2,False,18-65,All,"my NUMY
 – mynumy.com",direct_checkout,gated
C4,dysregulated,Dr. Sara B,909360568922916,1986553088931613,2026-04-05,True,146,AU,facebook|instagram|audience_network|messenger|threads,1,"Your nervous system isn't listening to you anymore. It keeps that buzzing, wired alertness going long after your mind is exhausted, leaving you clenching your jaw by 10am. You can't 'think' your way to calm because stress isn't just in your head—it's a physical state, locked in your body by a dysregulated HPA-axis.","Finally, An 'Off Switch' For Stress",mynumy.com,5096,146,146,False,2,False,18-65,All,"my NUMY
 – mynumy.com",direct_checkout,gated
C2,mental load,Nina Weber,833222036551345,819036483996324,2026-04-06,True,145,US,facebook|instagram|audience_network|messenger|threads,1,I used to be the one who initiated.,The wanting came back,mynumy.com,1543,145,145,False,2,False,18-65,All,"my NUMY
 – mynumy.com",direct_checkout,gated
C2,mental load,Nina Weber,833222036551345,819036483996324,2026-04-06,True,145,AU,facebook|instagram|audience_network|messenger|threads,1,I used to be the one who initiated.,The wanting came back,mynumy.com,1543,145,145,False,2,False,18-65,All,"my NUMY
 – mynumy.com",direct_checkout,gated
C4,dysregulated,nishwa_inner_alchemy_,790699117471165,1606581210462273,2026-04-14,True,137,US,instagram,1,Modern dating VS Sacred Union,,instagram.com,,137,137,False,2,False,22-65,Women,Instagram,application_form,$1
C4,dysregulated,nishwa_inner_alchemy_,790699117471165,1606581210462273,2026-04-14,True,137,AU,instagram,1,Modern dating VS Sacred Union,,instagram.com,,137,137,False,2,False,22-65,Women,Instagram,application_form,$1
C7,executive dysfunction,Fabriam Verlag,823781267488262,3406156292900577,2026-04-22,True,129,DE,facebook|instagram,1,Du funktionierst nach außen. Aber innen zahlt dein Körper längst die Rechnung. 💭,Raus aus dem Überlebensmodus 💪,amazon.de,168574,129,129,False,1,False,25-44,Women,,unknown,gated
C2,can't switch off,Sleep Oracles,270262686163745,964555709458621,2026-04-27,True,124,GB,facebook|instagram|audience_network|messenger|threads,2,Tired…but can’t switch off?,"Ease into your night, without the heavy feeling",sleeporacles.com,,124,124,False,1,False,18-65,All,"SleepOracles | Natural Sleep Supplements for Deep, Restful Sleep",application_form,gated
C1,spiralling,Family Court Guide,347735631764950,3953889648237346,2026-04-28,True,123,GB,facebook|instagram|audience_network,1,Attention Parents Going Through Divorce❗️,Stop Family Court Draining Your Business – Smarter Strategy. Lower Costs.,fb.me,,123,123,False,1,False,25-65,Men,,,
C1,spiralling,Family Court Guide,347735631764950,983831377937024,2026-04-28,True,123,GB,facebook|instagram|audience_network,1,Attention Parents Going Through Divorce❗️,Stop Family Court Draining Your Business – Smarter Strategy. Lower Costs.,fb.me,,123,123,False,1,False,25-65,Men,,,
C5,grey area drinking,Sarah Rusbatch,103862051384622,2671452636567598,2026-04-28,True,123,GB,facebook|instagram|audience_network|messenger|threads,3,"Have you noticed you've started relying on that evening glass of wine more and more to switch off at the end of the day, but it's now negatively impacting your sleep, energy, mood and health? Need new ideas of what to do to help unwind without wine?",Get Your Free Guide ➡️,programs.sarahrusbatch.com,,123,123,False,2,False,25-65,Women,"Access all of Sarah Rusbatch's  Programs, Tools & Resources.  Everything you need to feel better, drink less, and thrive in midlife.",application_form,gated
C5,grey area drinking,Sarah Rusbatch,103862051384622,2671452636567598,2026-04-28,True,123,AU,facebook|instagram|audience_network|messenger|threads,3,"Have you noticed you've started relying on that evening glass of wine more and more to switch off at the end of the day, but it's now negatively impacting your sleep, energy, mood and health? Need new ideas of what to do to help unwind without wine?",Get Your Free Guide ➡️,programs.sarahrusbatch.com,,123,123,False,2,False,25-65,Women,"Access all of Sarah Rusbatch's  Programs, Tools & Resources.  Everything you need to feel better, drink less, and thrive in midlife.",application_form,gated
C4,somatic,Vince,156766051644739,1328347765825150,2026-04-29,True,122,DK,instagram,1,Dance & Wellness Retreat GIVEAWAY 💫 join me👇,,instagram.com,82304,122,122,False,1,False,18-65,All,Instagram,application_form,$1
C8,stresshåndtering,TRX Education Denmark,852223134642708,1367229738580801,2026-04-29,True,122,DK,facebook|instagram|audience_network|messenger|threads,1,TRX YOGA FLOW✨ BLIV CERTIFICERET TRX YOGA INSTRUKTØR 🖤💛,BLIV TRX YOGA INSTRUKTØR,mfwyb.dk,36158,122,122,False,1,False,18-65,All,Make Friends With Your Boody,vsl,gated
C1,spiralling,Metacognitive Therapy,340074312528937,1602855657672900,2026-05-01,True,120,GB,instagram,1,Overthinking is at the root of most of our mental distress.,,instagram.com,,120,120,False,3,False,18-65,All,Instagram,application_form,$1
C1,spiralling,Metacognitive Therapy,340074312528937,1602855657672900,2026-05-01,True,120,US,instagram,1,Overthinking is at the root of most of our mental distress.,,instagram.com,,120,120,False,3,False,18-65,All,Instagram,application_form,$1
C1,spiralling,Metacognitive Therapy,340074312528937,1602855657672900,2026-05-01,True,120,AU,instagram,1,Overthinking is at the root of most of our mental distress.,,instagram.com,,120,120,False,3,False,18-65,All,Instagram,application_form,$1
C4,regulate your nervous system,Nilofer Safdar,374285143136554,1610975256830256,2026-05-03,True,118,GB,facebook|instagram|messenger,1,The data around wealth frequency shocked me—and it explains why most people stay stuck.”,,,10550,118,118,False,3,False,25-65,Women,,,
C4,regulate your nervous system,Nilofer Safdar,374285143136554,1610975256830256,2026-05-03,True,118,US,facebook|instagram|messenger,1,The data around wealth frequency shocked me—and it explains why most people stay stuck.”,,,10550,118,118,False,3,False,25-65,Women,,,
C4,regulate your nervous system,Nilofer Safdar,374285143136554,1610975256830256,2026-05-03,True,118,AU,facebook|instagram|messenger,1,The data around wealth frequency shocked me—and it explains why most people stay stuck.”,,,10550,118,118,False,3,False,25-65,Women,,,
C2,can't switch off,Always Greater,394699277071476,3971512179813260,2026-05-05,True,116,GB,facebook|instagram|audience_network|messenger|threads,1,"It’s always there in the background, even when you’re trying to focus, like your brain keeps drifting back to it no matter what you’re doing.",If You Just Can't Switch Off The Feeling ☝️,learn.alwaysgreater.com,,116,116,False,3,False,18-65,All,,,
C2,can't switch off,Always Greater,394699277071476,3971512179813260,2026-05-05,True,116,US,facebook|instagram|audience_network|messenger|threads,1,"It’s always there in the background, even when you’re trying to focus, like your brain keeps drifting back to it no matter what you’re doing.",If You Just Can't Switch Off The Feeling ☝️,learn.alwaysgreater.com,,116,116,False,3,False,18-65,All,,,
C2,can't switch off,Always Greater,394699277071476,3971512179813260,2026-05-05,True,116,AU,facebook|instagram|audience_network|messenger|threads,1,"It’s always there in the background, even when you’re trying to focus, like your brain keeps drifting back to it no matter what you’re doing.",If You Just Can't Switch Off The Feeling ☝️,learn.alwaysgreater.com,,116,116,False,3,False,18-65,All,,,
C2,mental load,Domus Focus,705337926001680,4388811341383672,2026-05-06,True,115,NL,facebook|instagram|messenger|threads,1,Waarom belandt jouw belangrijkste project áltijd onderaan de to-do lijst?,Waarom belandt jouw belangrijkste project áltijd onderaan de to-do lijst?,www.domusfocus.nl,456,115,115,False,1,False,25-65,All,Stap in de focus-bubbel waar resultaat onvermijdelijk wordt,application_form,gated
C4,regulate your nervous system,Luke Roe,122607994088736,781032934947052,2026-05-06,True,115,GB,facebook|instagram|audience_network|messenger|threads,2,I want to be straight with you.,''Fibro doesn't have to control your life'' - Get Instant Access Now,roeflexcoaching.com,,115,115,False,1,False,18-65,All,"Fed Up Of Going Round in Circles, Starting Over Again & Again With No Progress?",application_form,gated
C4,body keeps the score,Boekenvoordeziel,458437910682742,1349032723702896,2026-05-10,True,111,NL,facebook|instagram|audience_network|messenger|threads,1,🌿 Mijn psycholoog noemt nooit boeken. In zes jaar therapie geen één keer.,"🌿 ""Dat boek? Dat geef ik aan mijn moeilijkste cliënten.""",boekenvoordeziel.nl,180,111,111,False,1,False,18-65,All,"Ontdek de verrassende methode die helpt om de  stortvloed aan gedachten te stoppen , je emoties te kalmeren en  innerlijke rust  te vinden —  zonder zelfdestructieve gewoontes of te doen alsof alles goed gaat terwijl dat",vsl,€35
C4,somatic,Somatic Therapeutic Yoga Training Ltd,115406218241280,1507194480791981,2026-05-11,True,110,DK,facebook|instagram|audience_network|messenger|threads,1,✨ Somatics & Embodied Awareness ✨,For Yoga Teachers,www.somatictherapeuticyoga.com,14788,110,110,False,1,False,25-65,All,Somatic Therapeutic Yoga Training with Charlotte Watts,vsl,gated
C4,regulate your nervous system,Olga - Mindset Mastery & Manifestation,156375864231584,1424937686337737,2026-05-14,True,107,GB,facebook|instagram,1,"According to neuroscience, if you change your energy — you change your reality. ✨",,instagram.com,,107,107,False,3,False,18-65,All,Instagram,application_form,$1
C4,regulate your nervous system,Olga - Mindset Mastery & Manifestation,156375864231584,1424937686337737,2026-05-14,True,107,US,facebook|instagram,1,"According to neuroscience, if you change your energy — you change your reality. ✨",,instagram.com,,107,107,False,3,False,18-65,All,Instagram,application_form,$1
C4,regulate your nervous system,Olga - Mindset Mastery & Manifestation,156375864231584,1424937686337737,2026-05-14,True,107,AU,facebook|instagram,1,"According to neuroscience, if you change your energy — you change your reality. ✨",,instagram.com,,107,107,False,3,False,18-65,All,Instagram,application_form,$1
C1,spiralling,Rugby Tile & Bathroom,153876844673868,986392610756194,2026-05-15,True,106,GB,facebook,1,"Most homeowners think a bathroom renovation means months of mess, tradesmen constantly in the house, and costs spiralling out of control 🚿❌",,,,106,106,False,1,False,18-65,All,,,
C1,spiralling,Andy Stedman Design LTD,448421795177278,1673811713906303,2026-05-17,True,104,GB,facebook|instagram,1,"Most people pour everything into the build, then realise the garden was never budgeted properly.",Luxury Landscape Design,fb.me,,104,104,False,1,False,33-65,All,,,
C7,executive dysfunction,Fabriam Verlag,823781267488262,2003712977203620,2026-05-19,True,102,DE,facebook|instagram,1,Du funktionierst nach außen. Aber innen zahlt dein Körper längst die Rechnung. 💭,Raus aus dem Überlebensmodus 💪,amazon.de,135973,129,129,False,1,False,45-54,Women,,unknown,gated
C2,can't switch off,The OneDevice,102214142623054,1020184884000084,2026-05-21,True,100,GB,facebook|instagram|messenger|threads,1,What if the reason you can't switch off has nothing to do with mindset — and everything to do with frequency?,9 frequencies. One wearable. Zero noise.,theonedevice.com,,100,100,False,2,False,18-65,All,,direct_checkout,$0.00
C2,can't switch off,The OneDevice,102214142623054,1020184884000084,2026-05-21,True,100,AU,facebook|instagram|messenger|threads,1,What if the reason you can't switch off has nothing to do with mindset — and everything to do with frequency?,9 frequencies. One wearable. Zero noise.,theonedevice.com,,100,100,False,2,False,18-65,All,,direct_checkout,$0.00
C4,regulate your nervous system,The OneDevice,102214142623054,1476951267559537,2026-05-21,True,100,GB,facebook|instagram|messenger|threads,1,"When I first heard ""frequency therapy wearable"" — I rolled my eyes a little.",The One Device. Starting at $199.,theonedevice.com,,100,100,False,2,False,18-65,All,,direct_checkout,$0.00
C4,regulate your nervous system,The OneDevice,102214142623054,1476951267559537,2026-05-21,True,100,AU,facebook|instagram|messenger|threads,1,"When I first heard ""frequency therapy wearable"" — I rolled my eyes a little.",The One Device. Starting at $199.,theonedevice.com,,100,100,False,2,False,18-65,All,,direct_checkout,$0.00
C2,can't switch off,moonbird,106494207541147,947486691445349,2026-05-22,True,99,DE,facebook|instagram|messenger|threads,1,"You can't expect an overtired, wired kid to just fall asleep. Their busy brain physically can't switch off. 🦉",End the bedtime battle,moonbird.life,834,99,99,False,2,False,18-65,All,Breathwork works. Moonbird makes it work better.,direct_checkout,€179
C2,can't switch off,moonbird,106494207541147,947486691445349,2026-05-22,True,99,GB,facebook|instagram|messenger|threads,1,"You can't expect an overtired, wired kid to just fall asleep. Their busy brain physically can't switch off. 🦉",End the bedtime battle,moonbird.life,834,99,99,False,2,False,18-65,All,Breathwork works. Moonbird makes it work better.,direct_checkout,€179
C2,mental load,Heilpraktikerin Heike Obermeier,470238099517056,2002028483766098,2026-05-22,True,99,DE,facebook|instagram,2,"Fühlst du dich auch oft im Hamsterrad gefangen – Job, Familie, Alltag? Mit der Zeit wächst innerlich die Anspannung, der Kopf kommt nicht mehr zur Ruhe, und die Nerven liegen blank. Es fehlt dieser Ort, an dem man einfach loslassen darf.",,heilpraxis-heike-obermeier.de,17729,99,99,False,1,False,18-65,All,​,application_form,$1
C2,mental load,Heilpraktikerin Heike Obermeier,470238099517056,960202719972984,2026-05-22,True,99,DE,facebook|instagram,2,"Fühlst du dich auch oft im Hamsterrad gefangen – Job, Familie, Alltag? Mit der Zeit wächst innerlich die Anspannung, der Kopf kommt nicht mehr zur Ruhe, und die Nerven liegen blank. Es fehlt dieser Ort, an dem man einfach loslassen darf.",,heilpraxis-heike-obermeier.de,572,99,99,False,1,False,18-65,All,​,application_form,$1
C2,mental load,Heilpraktikerin Heike Obermeier,470238099517056,1482165096993507,2026-05-22,True,99,DE,facebook|instagram,2,"Fühlst du dich auch oft im Hamsterrad gefangen – Job, Familie, Alltag? Mit der Zeit wächst innerlich die Anspannung, der Kopf kommt nicht mehr zur Ruhe, und die Nerven liegen blank. Es fehlt dieser Ort, an dem man einfach loslassen darf.",,heilpraxis-heike-obermeier.de,2085,99,99,False,1,False,18-65,All,​,application_form,$1
C2,mental load,Heilpraktikerin Heike Obermeier,470238099517056,1005105625324246,2026-05-22,True,99,DE,facebook|instagram,2,"Fühlst du dich auch oft im Hamsterrad gefangen – Job, Familie, Alltag? Mit der Zeit wächst innerlich die Anspannung, der Kopf kommt nicht mehr zur Ruhe, und die Nerven liegen blank. Es fehlt dieser Ort, an dem man einfach loslassen darf.",,heilpraxis-heike-obermeier.de,616,99,99,False,1,False,18-65,All,​,application_form,$1
C2,mental load,Heilpraktikerin Heike Obermeier,470238099517056,954126144050447,2026-05-22,True,99,DE,facebook|instagram,2,Fühlst du dich im Hamsterrad gefangen?,,heilpraxis-heike-obermeier.de,2364,99,99,False,1,False,18-65,All,​,application_form,$1
C4,somatic,DailyOM,169019040491,1314057344008717,2026-05-22,True,99,DK,facebook|instagram|audience_network|messenger|threads,1,Don't let toxic emotions manifest into physical illness..,Heal Emotions Before They Affect Your Body,dailyom.com,2269,99,99,False,1,False,25-65,Women,DailyOM Home,application_form,$1
C2,mental load,Heilpraktikerin Heike Obermeier,470238099517056,1406062914895317,2026-05-23,True,98,DE,facebook|instagram,2,"Fühlst du dich auch oft im Hamsterrad gefangen – Job, Familie, Alltag? Mit der Zeit wächst innerlich die Anspannung, der Kopf kommt nicht mehr zur Ruhe, und die Nerven liegen blank. Es fehlt dieser Ort, an dem man einfach loslassen darf.",,heilpraxis-heike-obermeier.de,2249,99,99,False,1,False,18-65,All,​,application_form,$1
C8,stresshåndtering,Sarahs Træning & Fysioterapi,105274888210071,2148440515951165,2026-05-25,True,96,DK,facebook|instagram|audience_network,1,"Rejsningsproblemer? Det er mere almindeligt, end du tror.","Savner du den rejsning, du engang havde? 😕",fb.me,6328,96,96,False,1,False,18-65,Men,,,
C8,stresshåndtering,Sarahs Træning & Fysioterapi,105274888210071,3800423226766353,2026-05-25,True,96,DK,facebook|instagram|audience_network,1,"Rejsningsproblemer? Det er mere almindeligt, end du tror.","Savner du den rejsning, du engang havde? 😕",fb.me,3032,96,96,False,1,False,18-65,Men,,,
C6,burnout recovery,F&B Digital Therapy,321721274352361,1639972417274523,2026-05-26,True,95,GB,facebook|instagram|audience_network|messenger|threads,1,The horror of staring at a blank pages in your new journal 😳,FREE PDF Download,fandbtherapy.com,,95,95,False,1,False,18-65,Women,F&B Digital Therapy,direct_checkout,£0.00
C7,executive dysfunction,F&B Digital Therapy,321721274352361,1639972417274523,2026-05-26,True,95,GB,facebook|instagram|audience_network|messenger|threads,1,The horror of staring at a blank pages in your new journal 😳,FREE PDF Download,fandbtherapy.com,,95,95,False,1,False,18-65,Women,F&B Digital Therapy,direct_checkout,£0.00
C1,spiralling,Family Court Guide,347735631764950,1221678269936723,2026-05-29,True,92,GB,facebook|instagram|audience_network,1,Attention Parents Going Through Divorce❗️,Stop Family Court Draining Your Business – Smarter Strategy. Lower Costs.,fb.me,,123,123,False,1,False,25-65,Men,,,
C1,spiralling,Family Court Guide,347735631764950,1508723803953853,2026-05-29,True,92,GB,facebook|instagram|audience_network,1,Attention Parents Going Through Divorce❗️,Stop Family Court Draining Your Business – Smarter Strategy. Lower Costs.,fb.me,,123,123,False,1,False,25-65,Men,,,
C1,spiralling,Family Court Guide,347735631764950,1512470047327062,2026-05-29,True,92,GB,facebook|instagram|audience_network,1,Attention Parents Going Through Divorce❗️,Stop Family Court Draining Your Business – Smarter Strategy. Lower Costs.,fb.me,,123,123,False,1,False,25-65,Men,,,
C1,spiralling,Family Court Guide,347735631764950,1322429943288475,2026-05-29,True,92,GB,facebook|instagram|audience_network,1,Attention Parents Going Through Divorce❗️,Stop Family Court Draining Your Business – Smarter Strategy. Lower Costs.,fb.me,,123,123,False,1,False,25-65,Men,,,
C1,spiralling,Family Court Guide,347735631764950,911556565269421,2026-05-29,True,92,GB,facebook|instagram|audience_network,1,Attention Parents Going Through Divorce❗️,Stop Family Court Draining Your Business – Smarter Strategy. Lower Costs.,fb.me,,123,123,False,1,False,25-65,Men,,,
C1,spiralling,Family Court Guide,347735631764950,1976831800374356,2026-05-29,True,92,GB,facebook|instagram|audience_network,1,Attention Parents Going Through Divorce❗️,Stop Family Court Draining Your Business – Smarter Strategy. Lower Costs.,fb.me,,123,123,False,1,False,25-65,Men,,,
C1,spiralling,Family Court Guide,347735631764950,1911914279518075,2026-05-29,True,92,GB,facebook|instagram|audience_network,1,Attention Parents Going Through Divorce❗️,Stop Family Court Draining Your Business – Smarter Strategy. Lower Costs.,fb.me,,123,123,False,1,False,25-65,Men,,,
C1,spiralling,Family Court Guide,347735631764950,1718846185792744,2026-05-29,True,92,GB,facebook|instagram|audience_network,1,Attention Parents Going Through Divorce❗️,Stop Family Court Draining Your Business – Smarter Strategy. Lower Costs.,fb.me,,123,123,False,1,False,25-65,Men,,,
C1,spiralling,Family Court Guide,347735631764950,968008059276084,2026-05-29,True,92,GB,facebook|instagram|audience_network,1,Attention Parents Going Through Divorce❗️,Stop Family Court Draining Your Business – Smarter Strategy. Lower Costs.,fb.me,,123,123,False,1,False,25-65,Men,,,
C1,spiralling,Family Court Guide,347735631764950,1963546687615743,2026-05-29,True,92,GB,facebook|instagram|audience_network,1,Attention Parents Going Through Divorce❗️,Stop Family Court Draining Your Business – Smarter Strategy. Lower Costs.,fb.me,,123,123,False,1,False,25-65,Men,,,
C1,spiralling,Family Court Guide,347735631764950,1475946140976156,2026-05-29,True,92,GB,facebook|instagram|audience_network,1,Attention Parents Going Through Divorce❗️,Stop Family Court Draining Your Business – Smarter Strategy. Lower Costs.,fb.me,,123,123,False,1,False,25-65,Men,,,
C1,spiralling,Family Court Guide,347735631764950,1152636301268492,2026-05-29,True,92,GB,facebook|instagram|audience_network,1,Attention Parents Going Through Divorce❗️,Stop Family Court Draining Your Business – Smarter Strategy. Lower Costs.,fb.me,,123,123,False,1,False,25-65,Men,,,
C1,spiralling,Family Court Guide,347735631764950,1735522794457945,2026-05-29,True,92,GB,facebook|instagram|audience_network,1,Attention Parents Going Through Divorce❗️,Stop Family Court Draining Your Business – Smarter Strategy. Lower Costs.,fb.me,,123,123,False,1,False,25-65,Men,,,
C1,spiralling,Family Court Guide,347735631764950,880501355076493,2026-05-29,True,92,GB,facebook|instagram|audience_network,1,Attention Parents Going Through Divorce❗️,Stop Family Court Draining Your Business – Smarter Strategy. Lower Costs.,fb.me,,123,123,False,1,False,25-65,Men,,,
C1,spiralling,Family Court Guide,347735631764950,1646380523311316,2026-05-29,True,92,GB,facebook|instagram|audience_network,1,Attention Parents Going Through Divorce❗️,Stop Family Court Draining Your Business – Smarter Strategy. Lower Costs.,fb.me,,123,123,False,1,False,25-65,Men,,,
C1,spiralling,Family Court Guide,347735631764950,4529735674014847,2026-05-29,True,92,GB,facebook|instagram|audience_network,1,Attention Parents Going Through Divorce❗️,Stop Family Court Draining Your Business – Smarter Strategy. Lower Costs.,fb.me,,123,123,False,1,False,25-65,Men,,,
C1,spiralling,Family Court Guide,347735631764950,1564126715155661,2026-05-29,True,92,GB,facebook|instagram|audience_network,1,Attention Parents Going Through Divorce❗️,Stop Family Court Draining Your Business – Smarter Strategy. Lower Costs.,fb.me,,123,123,False,1,False,25-65,Men,,,
C1,spiralling,Family Court Guide,347735631764950,27179275898369494,2026-05-29,True,92,GB,facebook|instagram|audience_network,1,Attention Parents Going Through Divorce❗️,Stop Family Court Draining Your Business – Smarter Strategy. Lower Costs.,fb.me,,123,123,False,1,False,25-65,Men,,,
C1,spiralling,Family Court Guide,347735631764950,1676658980240727,2026-05-29,True,92,GB,facebook|instagram|audience_network,1,Attention Parents Going Through Divorce❗️,Stop Family Court Draining Your Business – Smarter Strategy. Lower Costs.,fb.me,,123,123,False,1,False,25-65,Men,,,
C1,spiralling,Family Court Guide,347735631764950,823956430510243,2026-05-29,True,92,GB,facebook|instagram|audience_network,1,Attention Parents Going Through Divorce❗️,Stop Family Court Draining Your Business – Smarter Strategy. Lower Costs.,fb.me,,123,123,False,1,False,25-65,Men,,,
C1,spiralling,Family Court Guide,347735631764950,1713008183475269,2026-05-29,True,92,GB,facebook|instagram|audience_network,1,Attention Parents Going Through Divorce❗️,Stop Family Court Draining Your Business – Smarter Strategy. Lower Costs.,fb.me,,123,123,False,1,False,25-65,Men,,,
C1,spiralling,Family Court Guide,347735631764950,1356157019713356,2026-05-29,True,92,GB,facebook|instagram|audience_network,1,Attention Parents Going Through Divorce❗️,Stop Family Court Draining Your Business – Smarter Strategy. Lower Costs.,fb.me,,123,123,False,1,False,25-65,Men,,,
C1,spiralling,Family Court Guide,347735631764950,1007245391740155,2026-05-29,True,92,GB,facebook|instagram|audience_network,1,Attention Parents Going Through Divorce❗️,Stop Family Court Draining Your Business – Smarter Strategy. Lower Costs.,fb.me,,123,123,False,1,False,25-65,Men,,,
C1,spiralling,Family Court Guide,347735631764950,27537538209186435,2026-05-29,True,92,GB,facebook|instagram|audience_network,1,Attention Parents Going Through Divorce❗️,Stop Family Court Draining Your Business – Smarter Strategy. Lower Costs.,fb.me,,123,123,False,1,False,25-65,Men,,,
C1,spiralling,Family Court Guide,347735631764950,3211521755687025,2026-05-29,True,92,GB,facebook|instagram|audience_network,1,Attention Parents Going Through Divorce❗️,Stop Family Court Draining Your Business – Smarter Strategy. Lower Costs.,fb.me,,123,123,False,1,False,25-65,Men,,,
C1,spiralling,Family Court Guide,347735631764950,1341214131442587,2026-05-29,True,92,GB,facebook|instagram|audience_network,1,Attention Parents Going Through Divorce❗️,Stop Family Court Draining Your Business – Smarter Strategy. Lower Costs.,fb.me,,123,123,False,1,False,25-65,Men,,,
C1,spiralling,Family Court Guide,347735631764950,1348749447223689,2026-05-29,True,92,GB,facebook|instagram|audience_network,1,Attention Parents Going Through Divorce❗️,Stop Family Court Draining Your Business – Smarter Strategy. Lower Costs.,fb.me,,123,123,False,1,False,25-65,Men,,,
C1,spiralling,Family Court Guide,347735631764950,1682642412781429,2026-05-29,True,92,GB,facebook|instagram|audience_network,1,Attention Parents Going Through Divorce❗️,Stop Family Court Draining Your Business – Smarter Strategy. Lower Costs.,fb.me,,123,123,False,1,False,25-65,Men,,,
C1,spiralling,Family Court Guide,347735631764950,1773213266995780,2026-05-29,True,92,GB,facebook|instagram|audience_network,1,Attention Parents Going Through Divorce❗️,Stop Family Court Draining Your Business – Smarter Strategy. Lower Costs.,fb.me,,123,123,False,1,False,25-65,Men,,,
C2,mental load,The Strategic Father,762084156998505,1657655242020301,2026-05-29,True,92,US,facebook|instagram|audience_network|messenger|threads,1,She won’t remember my inbox.,Protect the Moments That Matter Most,strategicfather.com,,92,92,False,2,False,18-65,All,Overwhelmed? Exhausted? There's a System For That.,unknown,$27
C2,mental load,The Strategic Father,762084156998505,1657655242020301,2026-05-29,True,92,AU,facebook|instagram|audience_network|messenger|threads,1,She won’t remember my inbox.,Protect the Moments That Matter Most,strategicfather.com,,92,92,False,2,False,18-65,All,Overwhelmed? Exhausted? There's a System For That.,unknown,$27
C4,somatic,Heart Mind Institute,113739291232474,1554822602734825,2026-05-29,True,92,DK,facebook|instagram|audience_network|messenger|threads,1,"WATCH ONLINE: Bessel van der Kolk, Arielle Schwartz, Peter Levine, Andrea Kennedy, and 40+ world-renowned experts share body-first practices to help you release stress, restore calm, and reconnect with yourself — from the inside out.",Somatic Healing Summit: Register Today for FREE,somatichealingsummit.com,1707,92,92,False,1,False,18-65,All,Somatic Healing Summit,vsl,gated
C4,somatic,Charlotte Watts Health,143345832409703,993209280074632,2026-05-29,True,92,DK,facebook|instagram|audience_network|messenger|threads,1,Are you ready to live your life with . . .,[FREE PROGRAMME] You deserve to live a calm life,charlottewattshealth.com,23533,92,92,False,1,False,25-65,Women,Charlotte Watts Health,unknown,gated
C5,grey area drinking,Sarah Rusbatch,103862051384622,1999040711002989,2026-05-29,True,92,GB,facebook|instagram|audience_network|messenger|threads,3,"𝗪𝗼𝘂𝗹𝗱 𝘆𝗼𝘂 𝗹𝗶𝗸𝗲 𝗺𝘆 𝗙𝗥𝗘𝗘 𝗚𝗨𝗜𝗗𝗘 𝗼𝗳 𝟭𝟬𝟬 𝗧𝗵𝗶𝗻𝗴𝘀 𝗧𝗼 𝗗𝗼 𝗜𝗻𝘀𝘁𝗲𝗮𝗱 𝗼𝗳 𝗗𝗿𝗶𝗻𝗸𝗶𝗻𝗴? One of the hardest things, when we are trying to change our drinking, is knowing what to add IN when we take booze OUT. So I have put together a comprehensive list of 100 things to do instead of drink! Click on the link below",Get Your Free Guide ➡️,www.sarahrusbatch.com,,92,92,False,2,False,25-65,Women,"Sobriety and Grey Area Drinking Coach, Sarah Rusbatch | Perth, Western Australia",application_form,gated
C5,grey area drinking,Sarah Rusbatch,103862051384622,1728007125035312,2026-05-29,True,92,GB,facebook|instagram|audience_network|messenger|threads,3,FREE GUIDE!! Click the link below to get a copy of my free guide of 50 Fun Things to Do Without Booze.,Get your FREE Guide Now ⬇️,programs.sarahrusbatch.com,,92,92,False,3,False,25-65,All,"Access all of Sarah Rusbatch's  Programs, Tools & Resources.  Everything you need to feel better, drink less, and thrive in midlife.",application_form,gated
C5,grey area drinking,Sarah Rusbatch,103862051384622,1728007125035312,2026-05-29,True,92,US,facebook|instagram|audience_network|messenger|threads,3,FREE GUIDE!! Click the link below to get a copy of my free guide of 50 Fun Things to Do Without Booze.,Get your FREE Guide Now ⬇️,programs.sarahrusbatch.com,,92,92,False,3,False,25-65,All,"Access all of Sarah Rusbatch's  Programs, Tools & Resources.  Everything you need to feel better, drink less, and thrive in midlife.",application_form,gated
C5,grey area drinking,Sarah Rusbatch,103862051384622,1999040711002989,2026-05-29,True,92,AU,facebook|instagram|audience_network|messenger|threads,3,"𝗪𝗼𝘂𝗹𝗱 𝘆𝗼𝘂 𝗹𝗶𝗸𝗲 𝗺𝘆 𝗙𝗥𝗘𝗘 𝗚𝗨𝗜𝗗𝗘 𝗼𝗳 𝟭𝟬𝟬 𝗧𝗵𝗶𝗻𝗴𝘀 𝗧𝗼 𝗗𝗼 𝗜𝗻𝘀𝘁𝗲𝗮𝗱 𝗼𝗳 𝗗𝗿𝗶𝗻𝗸𝗶𝗻𝗴? One of the hardest things, when we are trying to change our drinking, is knowing what to add IN when we take booze OUT. So I have put together a comprehensive list of 100 things to do instead of drink! Click on the link below",Get Your Free Guide ➡️,www.sarahrusbatch.com,,92,92,False,2,False,25-65,Women,"Sobriety and Grey Area Drinking Coach, Sarah Rusbatch | Perth, Western Australia",application_form,gated
C5,grey area drinking,Sarah Rusbatch,103862051384622,1728007125035312,2026-05-29,True,92,AU,facebook|instagram|audience_network|messenger|threads,3,FREE GUIDE!! Click the link below to get a copy of my free guide of 50 Fun Things to Do Without Booze.,Get your FREE Guide Now ⬇️,programs.sarahrusbatch.com,,92,92,False,3,False,25-65,All,"Access all of Sarah Rusbatch's  Programs, Tools & Resources.  Everything you need to feel better, drink less, and thrive in midlife.",application_form,gated
C1,spiralling,Truestone Construction Ltd,903053566230487,1511872180591961,2026-05-30,True,91,GB,facebook|instagram|audience_network,1,If you’re considering a home extension but worried about:,"🚨Your Extension, One Fixed Price — Design to Completion 🚨",fb.me,,91,91,False,1,False,25-65,All,,,
C1,spiralling,Family Court Guide,347735631764950,2098836114180876,2026-05-30,True,91,GB,facebook|instagram|audience_network,1,Attention Parents Going Through Divorce❗️,Stop Family Court Draining Your Business – Smarter Strategy. Lower Costs.,fb.me,,123,123,False,1,False,25-65,Men,,,
C1,spiralling,Family Court Guide,347735631764950,1290983276352005,2026-05-30,True,91,GB,facebook|instagram|audience_network,1,Attention Parents Going Through Divorce❗️,Stop Family Court Draining Your Business – Smarter Strategy. Lower Costs.,fb.me,,123,123,False,1,False,25-65,Men,,,
C1,spiralling,Family Court Guide,347735631764950,1483520043468600,2026-05-30,True,91,GB,facebook|instagram|audience_network,1,Attention Parents Going Through Divorce❗️,Stop Family Court Draining Your Business – Smarter Strategy. Lower Costs.,fb.me,,123,123,False,1,False,25-65,Men,,,
C2,mental load,Katie Day Coach & Speaker,365030510036976,2538876546594780,2026-05-30,True,91,US,instagram,2,I didn’t create this because I’m naturally organized.,Habit Hacks for Busy Moms,ohkatieday.com,15,91,91,False,2,False,32-55,Women,,,
C2,mental load,Katie Day Coach & Speaker,365030510036976,2538876546594780,2026-05-30,True,91,AU,instagram,2,I didn’t create this because I’m naturally organized.,Habit Hacks for Busy Moms,ohkatieday.com,15,91,91,False,2,False,32-55,Women,,,
C1,spiralling,Family Court Guide,347735631764950,921551927588381,2026-05-31,True,90,GB,facebook|instagram|audience_network,1,Attention Parents Going Through Divorce❗️,Stop Family Court Draining Your Business – Smarter Strategy. Lower Costs.,fb.me,,123,123,False,1,False,25-65,Men,,,
C2,mental load,North Time,818718004669418,1706316880717417,2026-06-01,True,89,DE,facebook|instagram|audience_network|messenger|threads,1,"You don't need a ""new you."" You need one small thing that makes your day lighter. This is it. ✨",⭐️⭐️⭐️⭐️⭐️ 4.8/5,thenorthtime.com,178,89,89,False,3,False,18-65,Women,,direct_checkout,$3.95
C2,mental load,North Time,818718004669418,1706316880717417,2026-06-01,True,89,US,facebook|instagram|audience_network|messenger|threads,1,"You don't need a ""new you."" You need one small thing that makes your day lighter. This is it. ✨",⭐️⭐️⭐️⭐️⭐️ 4.8/5,thenorthtime.com,178,89,89,False,3,False,18-65,Women,,direct_checkout,$3.95
C2,mental load,North Time,818718004669418,1706316880717417,2026-06-01,True,89,AU,facebook|instagram|audience_network|messenger|threads,1,"You don't need a ""new you."" You need one small thing that makes your day lighter. This is it. ✨",⭐️⭐️⭐️⭐️⭐️ 4.8/5,thenorthtime.com,178,89,89,False,3,False,18-65,Women,,direct_checkout,$3.95
C1,spiralling,Family Court Guide,347735631764950,1762431598072708,2026-06-02,True,88,GB,facebook|instagram|audience_network,1,Attention Parents Going Through Divorce❗️,Stop Family Court Draining Your Business – Smarter Strategy. Lower Costs.,fb.me,,123,123,False,1,False,25-65,Men,,,
C2,mental load,Megan Sumrell,410208109521322,1629176384831029,2026-06-02,True,88,US,facebook|instagram|audience_network|messenger|threads,1,"I stopped taking productivity advice from non caregivers years ago, and I want to tell you why.",Their Systems Aren't Built for You,www.thepinkbee.com,,88,88,False,2,False,25-65,Women,NEVER  ENDS...,vsl,gated
C2,mental load,Megan Sumrell,410208109521322,1629176384831029,2026-06-02,True,88,AU,facebook|instagram|audience_network|messenger|threads,1,"I stopped taking productivity advice from non caregivers years ago, and I want to tell you why.",Their Systems Aren't Built for You,www.thepinkbee.com,,88,88,False,2,False,25-65,Women,NEVER  ENDS...,vsl,gated
C4,somatic,Evolving Temple,103952155874340,967328536297897,2026-06-02,True,88,DK,facebook|instagram|audience_network|messenger|threads,1,"𝐏𝐚𝐫𝐚𝐝𝐢𝐠𝐦-𝐒𝐡𝐢𝐟𝐭𝐢𝐧𝐠 𝐏𝐬𝐲𝐜𝐡𝐞𝐝𝐞𝐥𝐢𝐜 𝐈𝐧𝐭𝐞𝐠𝐫𝐚𝐭𝐢𝐨𝐧 𝐑𝐞𝐭𝐫𝐞𝐚𝐭 𝐢𝐧 𝐭𝐡𝐞 𝐍𝐞𝐭𝐡𝐞𝐫𝐥𝐚𝐧𝐝𝐬. A Sacred Journey of Healing, Transformation, and Awakening",Psychedelic Retreat in the Netherlands,evolvingtemple.org,8954,88,88,False,1,False,25-65,All,Welcome to  Evolving Temple,application_form,gated
C4,fight or flight,The Bio-Axis,1074682605730741,1397286762228803,2026-06-02,True,88,DK,facebook|instagram|audience_network|messenger|threads,1,You can't think your way out of survival mode.,Your Body Is Stuck in Survival Mode. Here's the Way Out.,thebioaxis.com,3014,88,88,False,1,False,18-65,All,THE BIO AXIS,direct_checkout,"€29,95"
C1,spiralling,Family Court Guide,347735631764950,1495545745368670,2026-06-03,True,87,GB,facebook|instagram|audience_network,1,Attention Parents Going Through Divorce❗️,Stop Family Court Draining Your Business – Smarter Strategy. Lower Costs.,fb.me,,123,123,False,1,False,25-65,Men,,,
C6,burnout recovery,Naturemma Azores ,964114916781590,966810859317368,2026-06-03,True,87,DE,facebook|instagram|messenger,1,"🍃 Quiet Reset Retreat | São Miguel, Azores 🍃",,,6110,87,87,False,3,False,18-65,All,,,
C6,burnout recovery,Naturemma Azores ,964114916781590,966810859317368,2026-06-03,True,87,NL,facebook|instagram|messenger,1,"🍃 Quiet Reset Retreat | São Miguel, Azores 🍃",,,6110,87,87,False,3,False,18-65,All,,,
C6,burnout recovery,Naturemma Azores ,964114916781590,966810859317368,2026-06-03,True,87,US,facebook|instagram|messenger,1,"🍃 Quiet Reset Retreat | São Miguel, Azores 🍃",,,6110,87,87,False,3,False,18-65,All,,,
C2,can't switch off,St Palo,672474336484932,1673122860564799,2026-06-05,True,85,GB,facebook|instagram|audience_network|messenger|threads,1,POV: you’ve had a long day…,Can't Switch Off?,www.stpalo.com,,85,85,False,1,False,18-65,All,St Palo,application_form,gated
C5,high functioning,Just the Tonic,103275408118088,1307883444330158,2026-06-06,True,84,GB,facebook|instagram|audience_network|messenger|threads,1,"You know that voice in your head that says ""I'll cut back tomorrow""?",How To Break Free From Alcohol After 10+ Years Of Daily Drinking,https://go.justthetoniccoach.com/alcohol-freedom-method,,84,84,False,3,False,25-65,All,"""The Alcohol Freedom System""",unknown,£17
C5,high functioning,Just the Tonic,103275408118088,1307883444330158,2026-06-06,True,84,US,facebook|instagram|audience_network|messenger|threads,1,"You know that voice in your head that says ""I'll cut back tomorrow""?",How To Break Free From Alcohol After 10+ Years Of Daily Drinking,https://go.justthetoniccoach.com/alcohol-freedom-method,,84,84,False,3,False,25-65,All,"""The Alcohol Freedom System""",unknown,£17
C5,high functioning,Just the Tonic,103275408118088,1307883444330158,2026-06-06,True,84,AU,facebook|instagram|audience_network|messenger|threads,1,"You know that voice in your head that says ""I'll cut back tomorrow""?",How To Break Free From Alcohol After 10+ Years Of Daily Drinking,https://go.justthetoniccoach.com/alcohol-freedom-method,,84,84,False,3,False,25-65,All,"""The Alcohol Freedom System""",unknown,£17
C4,regulate your nervous system,Training Unity,1035130496532171,823308843984197,2026-06-08,True,82,GB,facebook|instagram|audience_network|messenger|threads,2,Ladies! Strength training for women isn't just physical — it's mental training disguised as exercise.,Get Expert Support - On and Off the Gym Floor 👉,trainingunity.co.uk/6-weeks-kickstarter,,82,82,False,1,False,25-65,All,,,
C8,stresscoach,Lind & Dahl,1235078359881513,3586295114842837,2026-06-08,True,82,DK,facebook|instagram|audience_network|messenger|threads,1,"3 uddannelser i 1 uddannelse - Psykoterapeut, Stresscoach, Positiv Psykologiformidler",Psykoterapeutuddannelse,https://lindogdahl.dk/,132554,82,82,False,1,False,18-65,All,,,
C1,lying awake,Cholesterol Relief Community,866655706540346,1764904544497154,2026-06-09,True,81,DK,facebook|instagram|audience_network|threads,2,I refused Metformin for 3 years. Here's what happened to my blood sugar.,Natural Relief in Weeks,shop.pipitea.com,83745,81,81,False,3,False,18-65,All,DEAL ENDING IN:,optin,gated
C1,lying awake,Cholesterol Relief Community,866655706540346,940120315726950,2026-06-09,True,81,DK,facebook|instagram|audience_network|threads,2,I refused Metformin for 3 years. Here's what happened to my blood sugar.,Natural Relief in Weeks,shop.pipitea.com,746,81,81,False,3,False,18-65,All,DEAL ENDING IN:,optin,gated
C1,lying awake,Cholesterol Relief Community,866655706540346,2126355604950678,2026-06-09,True,81,DK,facebook|instagram|audience_network|threads,2,I refused Metformin for 3 years. Here's what happened to my blood sugar.,Natural Relief in Weeks,shop.pipitea.com,12001,81,81,False,3,False,18-65,All,DEAL ENDING IN:,optin,gated
C1,lying awake,Cholesterol Relief Community,866655706540346,1764904544497154,2026-06-09,True,81,DE,facebook|instagram|audience_network|threads,2,I refused Metformin for 3 years. Here's what happened to my blood sugar.,Natural Relief in Weeks,shop.pipitea.com,83745,81,81,False,3,False,18-65,All,DEAL ENDING IN:,optin,gated
C1,lying awake,Cholesterol Relief Community,866655706540346,940120315726950,2026-06-09,True,81,DE,facebook|instagram|audience_network|threads,2,I refused Metformin for 3 years. Here's what happened to my blood sugar.,Natural Relief in Weeks,shop.pipitea.com,746,81,81,False,3,False,18-65,All,DEAL ENDING IN:,optin,gated
C1,lying awake,Cholesterol Relief Community,866655706540346,2126355604950678,2026-06-09,True,81,DE,facebook|instagram|audience_network|threads,2,I refused Metformin for 3 years. Here's what happened to my blood sugar.,Natural Relief in Weeks,shop.pipitea.com,12001,81,81,False,3,False,18-65,All,DEAL ENDING IN:,optin,gated
C1,lying awake,Cholesterol Relief Community,866655706540346,1764904544497154,2026-06-09,True,81,NL,facebook|instagram|audience_network|threads,2,I refused Metformin for 3 years. Here's what happened to my blood sugar.,Natural Relief in Weeks,shop.pipitea.com,83745,81,81,False,3,False,18-65,All,DEAL ENDING IN:,optin,gated
C1,lying awake,Cholesterol Relief Community,866655706540346,940120315726950,2026-06-09,True,81,NL,facebook|instagram|audience_network|threads,2,I refused Metformin for 3 years. Here's what happened to my blood sugar.,Natural Relief in Weeks,shop.pipitea.com,746,81,81,False,3,False,18-65,All,DEAL ENDING IN:,optin,gated
C1,lying awake,Cholesterol Relief Community,866655706540346,2126355604950678,2026-06-09,True,81,NL,facebook|instagram|audience_network|threads,2,I refused Metformin for 3 years. Here's what happened to my blood sugar.,Natural Relief in Weeks,shop.pipitea.com,12001,81,81,False,3,False,18-65,All,DEAL ENDING IN:,optin,gated
C2,mental load,Lara Weiss,719854997881160,998687253122849,2026-06-09,True,81,DE,facebook,1,"Er macht beruflich weiter wie bisher. Du jonglierst den Wiedereinstieg, die Kita-Eingewöhnung",Zur kostenlosen Facebook™ Gruppe,go.laraweiss-elterncoaching.de,22213,81,81,False,1,False,25-45,Women,,,
C8,stresscoach,Krea-u,112332826825707,2810335519305498,2026-06-09,True,81,DK,facebook|instagram|audience_network|messenger|threads,1,Tag kollegaerne under armen til et hyggeligt og kreativt firmaarrangement hos KREA-U midt i Herning!,Book et sjovt firmaarrangement,krea-u.dk,5271,81,81,False,1,False,18-65,Women,Dit kreative værksted i Herning,unknown,gated
C8,overtænker,Stærkt Sind,105178451454928,1764329998262424,2026-06-09,True,81,DK,facebook|instagram|audience_network,1,"Du bruger enormt meget energi på at regne ud, hvad andre forventer af dig.",Tryg og afklarende session 400 kr. (normalpris 1.500 kr.),fb.me,377,81,81,False,1,False,25-65,All,,,
C8,overtænker,Stærkt Sind,105178451454928,1749362646051214,2026-06-09,True,81,DK,facebook|instagram|audience_network,1,"Du bruger enormt meget energi på at regne ud, hvad andre forventer af dig.",Tryg og afklarende session 400 kr. (normalpris 1.500 kr.),fb.me,676,81,81,False,1,False,25-65,All,,,
C8,overtænker,Stærkt Sind,105178451454928,990601846885252,2026-06-09,True,81,DK,facebook|instagram|audience_network,1,"Du bruger enormt meget energi på at regne ud, hvad andre forventer af dig.",Tryg og afklarende session 400 kr. (normalpris 1.500 kr.),fb.me,61,81,81,False,1,False,25-65,All,,,
C8,overtænker,Stærkt Sind,105178451454928,1533847425063920,2026-06-09,True,81,DK,facebook|instagram|audience_network,1,"Du bruger enormt meget energi på at regne ud, hvad andre forventer af dig.",Tryg og afklarende session 400 kr. (normalpris 1.500 kr.),fb.me,211,81,81,False,1,False,25-65,All,,,
C2,can't switch off,Flowlife,599290360251441,1030122309372105,2026-06-11,True,79,DK,facebook|instagram|audience_network|messenger|threads,1,Restless nights? Can't switch off after screens?,Flowglasses Night Sync 03,flowlife.com,91,79,79,False,3,False,18-65,All,Recovery & Performance Systems from Scandinavia | Flowlife,direct_checkout,500 DKK
C2,can't switch off,Flowlife,599290360251441,1030122309372105,2026-06-11,True,79,DE,facebook|instagram|audience_network|messenger|threads,1,Restless nights? Can't switch off after screens?,Flowglasses Night Sync 03,flowlife.com,91,79,79,False,3,False,18-65,All,Recovery & Performance Systems from Scandinavia | Flowlife,direct_checkout,500 DKK
C2,can't switch off,Flowlife,599290360251441,1284901440475751,2026-06-11,True,79,GB,facebook|instagram|audience_network|messenger|threads,1,Restless nights? Can't switch off after screens?,Flowglasses Night Sync 03,flowlife.com,,79,79,False,3,False,18-65,All,Recovery & Performance Systems from Scandinavia | Flowlife,direct_checkout,500 DKK
C8,overtænker,Stærkt Sind,105178451454928,1334265048885385,2026-06-12,True,78,DK,facebook|instagram|audience_network,1,"Du bruger enormt meget energi på at regne ud, hvad andre forventer af dig.",Tryg og afklarende session 400 kr. (normalpris 1.500 kr.),fb.me,822,81,81,False,1,False,25-65,All,,,
C4,somatic,LifeVision Lab,634579229737403,1461253459381138,2026-06-13,True,77,DK,facebook|instagram|audience_network|messenger|threads,1,🔑 I just found the key.,You're not stuck. You're looping.,skool.com,1155,77,77,False,1,False,25-65,All,Skool: Discover Communities or Create Your Own,direct_checkout,$9/mo
C4,regulate your nervous system,Yoga Health & Wellness,510121182390112,2181138769388760,2026-06-13,True,77,GB,facebook|instagram|messenger|threads,1,Ever noticed how stress convinces you to do more when what your body really needs is to pause?,Stress wires in. Calm can too.,https://yogahealthandwellness.co.uk/,,77,77,False,1,False,18-65,Women,"Somatics, Hypnotherapy & NLP, Reiki and 1:1 Yoga Sessions in Canterbury, Kent",application_form,gated
C8,overtænker,Stærkt Sind,105178451454928,962063853326972,2026-06-13,True,77,DK,facebook|instagram|audience_network,1,"Du bruger enormt meget energi på at regne ud, hvad andre forventer af dig.",Tryg og afklarende session 400 kr. (normalpris 1.500 kr.),fb.me,65,81,81,False,1,False,25-65,All,,,
C2,can't switch off,Davincified,262435990286814,26408153858859833,2026-06-14,True,76,DE,facebook|instagram|audience_network|messenger|threads,1,"Your brain won't stop. You've tried everything — the app, the playlist, the scroll — and you still can't switch off. There's a $200 therapy copay for that, or there's this: pick up a brush, follow the numbers, and watch",Find Your Quiet in One Brushstroke,davincified.com,456,76,76,False,5,False,18-65,All,Premium paint by numbers kits  for all skill levels.,direct_checkout,$9.50
C2,can't switch off,Davincified,262435990286814,26408153858859833,2026-06-14,True,76,NL,facebook|instagram|audience_network|messenger|threads,1,"Your brain won't stop. You've tried everything — the app, the playlist, the scroll — and you still can't switch off. There's a $200 therapy copay for that, or there's this: pick up a brush, follow the numbers, and watch",Find Your Quiet in One Brushstroke,davincified.com,456,76,76,False,5,False,18-65,All,Premium paint by numbers kits  for all skill levels.,direct_checkout,$9.50
C2,can't switch off,Davincified,262435990286814,26408153858859833,2026-06-14,True,76,GB,facebook|instagram|audience_network|messenger|threads,1,"Your brain won't stop. You've tried everything — the app, the playlist, the scroll — and you still can't switch off. There's a $200 therapy copay for that, or there's this: pick up a brush, follow the numbers, and watch",Find Your Quiet in One Brushstroke,davincified.com,456,76,76,False,5,False,18-65,All,Premium paint by numbers kits  for all skill levels.,direct_checkout,$9.50
C2,can't switch off,Davincified,262435990286814,26408153858859833,2026-06-14,True,76,US,facebook|instagram|audience_network|messenger|threads,1,"Your brain won't stop. You've tried everything — the app, the playlist, the scroll — and you still can't switch off. There's a $200 therapy copay for that, or there's this: pick up a brush, follow the numbers, and watch",Find Your Quiet in One Brushstroke,davincified.com,456,76,76,False,5,False,18-65,All,Premium paint by numbers kits  for all skill levels.,direct_checkout,$9.50
C2,can't switch off,Davincified,262435990286814,26408153858859833,2026-06-14,True,76,AU,facebook|instagram|audience_network|messenger|threads,1,"Your brain won't stop. You've tried everything — the app, the playlist, the scroll — and you still can't switch off. There's a $200 therapy copay for that, or there's this: pick up a brush, follow the numbers, and watch",Find Your Quiet in One Brushstroke,davincified.com,456,76,76,False,5,False,18-65,All,Premium paint by numbers kits  for all skill levels.,direct_checkout,$9.50
C4,dysregulated,Tanisha Martinez,1126691457186191,1332060888397302,2026-06-14,True,76,GB,facebook|instagram|messenger|threads,1,My 9yr old still wets the bed. He stuffed his wet pull-up under his pillow last night and didn't tell me.,My 9yr old still wets the bed 😢,trysaphire.com,,76,76,False,2,False,18-65,All,,direct_checkout,$50
C4,dysregulated,Tanisha Martinez,1126691457186191,1026864609870119,2026-06-14,True,76,GB,facebook|instagram|messenger|threads,1,My 9yr old still wets the bed. He stuffed his wet pull-up under his pillow last night and didn't tell me.,My 9yr old still wets the bed 😢,trysaphire.com,,76,76,False,2,False,18-65,All,,direct_checkout,$50
C4,dysregulated,Tanisha Martinez,1126691457186191,1324485479186531,2026-06-14,True,76,GB,facebook|instagram|messenger|threads,1,My 9yr old still wets the bed. He stuffed his wet pull-up under his pillow last night and didn't tell me.,My 9yr old still wets the bed 😢,trysaphire.com,,76,76,False,2,False,18-65,All,,direct_checkout,$50
C4,dysregulated,Tanisha Martinez,1126691457186191,2479351059158698,2026-06-14,True,76,GB,facebook|instagram|messenger|threads,1,My 9yr old still wets the bed. He stuffed his wet pull-up under his pillow last night and didn't tell me.,My 9yr old still wets the bed 😢,trysaphire.com,,76,76,False,2,False,18-65,All,,direct_checkout,$50
C4,dysregulated,Tanisha Martinez,1126691457186191,1332060888397302,2026-06-14,True,76,AU,facebook|instagram|messenger|threads,1,My 9yr old still wets the bed. He stuffed his wet pull-up under his pillow last night and didn't tell me.,My 9yr old still wets the bed 😢,trysaphire.com,,76,76,False,2,False,18-65,All,,direct_checkout,$50
C4,dysregulated,Tanisha Martinez,1126691457186191,1026864609870119,2026-06-14,True,76,AU,facebook|instagram|messenger|threads,1,My 9yr old still wets the bed. He stuffed his wet pull-up under his pillow last night and didn't tell me.,My 9yr old still wets the bed 😢,trysaphire.com,,76,76,False,2,False,18-65,All,,direct_checkout,$50
C4,dysregulated,Tanisha Martinez,1126691457186191,1324485479186531,2026-06-14,True,76,AU,facebook|instagram|messenger|threads,1,My 9yr old still wets the bed. He stuffed his wet pull-up under his pillow last night and didn't tell me.,My 9yr old still wets the bed 😢,trysaphire.com,,76,76,False,2,False,18-65,All,,direct_checkout,$50
C4,dysregulated,Tanisha Martinez,1126691457186191,2479351059158698,2026-06-14,True,76,AU,facebook|instagram|messenger|threads,1,My 9yr old still wets the bed. He stuffed his wet pull-up under his pillow last night and didn't tell me.,My 9yr old still wets the bed 😢,trysaphire.com,,76,76,False,2,False,18-65,All,,direct_checkout,$50
C4,somatic,LifeArchitect,192818191306558,2096210450960812,2026-06-14,True,76,DK,facebook|instagram|messenger|threads,1,Experience a healing IFS Journey in Portugal with Jory Agate in October 2026 🧘‍♀️,7-Day Retreat in Portugal with Jory Agate,lifearchitect.com,15169,76,76,False,1,False,25-65,All,Your nurturing space for professional growth and transformative experiences,direct_checkout,22KR
C8,overtænker,Stærkt Sind,105178451454928,856390643722190,2026-06-14,True,76,DK,facebook|instagram|audience_network,1,"Du bruger enormt meget energi på at regne ud, hvad andre forventer af dig.",Tryg og afklarende session 400 kr. (normalpris 1.500 kr.),fb.me,58,81,81,False,1,False,25-65,All,,,
C8,overtænker,Stærkt Sind,105178451454928,1929048881092640,2026-06-15,True,75,DK,facebook|instagram|audience_network,1,"Du bruger enormt meget energi på at regne ud, hvad andre forventer af dig.",Tryg og afklarende session 400 kr. (normalpris 1.500 kr.),fb.me,105,81,81,False,1,False,25-65,All,,,
C4,dysregulated,Dr. Greg D Raymond,1071688112690624,1564833368537754,2026-06-16,True,74,GB,facebook|instagram|audience_network|messenger|threads,1,"If your belly won't move no matter what you eat or how much you exercise, cortisol is almost certainly the reason. High cortisol tells your body to store fat specifically in the abdomen, spikes hunger, kills fullness signals, and wrecks sleep, which raises cortisol again the next morning and keeps the whole cycle running.",Regulate your cortisol and lose that belly fat,rituallabs.shop,,74,74,False,3,False,18-65,All,,direct_checkout,$1
C4,dysregulated,Build Legends,106158662257294,1008400568590422,2026-06-16,True,74,GB,facebook|instagram|messenger|threads,1,Watch Maya. She's not being bad.,Every parent should see this,try.buildlegends.com,,74,74,False,1,False,18-65,All,Legends,unknown,$1
C4,dysregulated,Dr. Greg D Raymond,1071688112690624,1564833368537754,2026-06-16,True,74,US,facebook|instagram|audience_network|messenger|threads,1,"If your belly won't move no matter what you eat or how much you exercise, cortisol is almost certainly the reason. High cortisol tells your body to store fat specifically in the abdomen, spikes hunger, kills fullness signals, and wrecks sleep, which raises cortisol again the next morning and keeps the whole cycle running.",Regulate your cortisol and lose that belly fat,rituallabs.shop,,74,74,False,3,False,18-65,All,,direct_checkout,$1
C4,dysregulated,Dr. Greg D Raymond,1071688112690624,1564833368537754,2026-06-16,True,74,AU,facebook|instagram|audience_network|messenger|threads,1,"If your belly won't move no matter what you eat or how much you exercise, cortisol is almost certainly the reason. High cortisol tells your body to store fat specifically in the abdomen, spikes hunger, kills fullness signals, and wrecks sleep, which raises cortisol again the next morning and keeps the whole cycle running.",Regulate your cortisol and lose that belly fat,rituallabs.shop,,74,74,False,3,False,18-65,All,,direct_checkout,$1
C4,somatic,LifeArchitect,192818191306558,1524339666380437,2026-06-16,True,74,DK,facebook|instagram|messenger|threads,1,Experience a healing IFS Journey in Portugal with Jory Agate in October 2026 🧘‍♀️,7-Day Retreat in Portugal with Jory Agate,lifearchitect.com,3866,76,76,False,1,False,25-65,All,Your nurturing space for professional growth and transformative experiences,direct_checkout,22KR
C4,somatic,LifeArchitect,192818191306558,1605450861179318,2026-06-16,True,74,DK,facebook|instagram|messenger|threads,1,Experience a healing IFS Journey in Portugal with Jory Agate in October 2026 🧘‍♀️,7-Day Retreat in Portugal with Jory Agate,lifearchitect.com,5799,76,76,False,1,False,25-65,All,Your nurturing space for professional growth and transformative experiences,direct_checkout,22KR
C7,executive dysfunction,Autism Parenting Magazine,448580148545013,1034809632438749,2026-06-16,True,74,GB,facebook|instagram|audience_network|messenger|threads,2,You follow the advice. You try the strategies. You show up every day for your child.,You’re doing everything right… So why is it still so hard?,AutismParentingMagazine.com,803,74,74,False,3,False,18-65,All,Autism Parenting Magazine,application_form,$1
C7,executive dysfunction,Autism Parenting Magazine,448580148545013,1034809632438749,2026-06-16,True,74,US,facebook|instagram|audience_network|messenger|threads,2,You follow the advice. You try the strategies. You show up every day for your child.,You’re doing everything right… So why is it still so hard?,AutismParentingMagazine.com,803,74,74,False,3,False,18-65,All,Autism Parenting Magazine,application_form,$1
C7,executive dysfunction,Autism Parenting Magazine,448580148545013,1034809632438749,2026-06-16,True,74,AU,facebook|instagram|audience_network|messenger|threads,2,You follow the advice. You try the strategies. You show up every day for your child.,You’re doing everything right… So why is it still so hard?,AutismParentingMagazine.com,803,74,74,False,3,False,18-65,All,Autism Parenting Magazine,application_form,$1
C2,can't switch off,Hibernault Audio,1185339027991166,1955573235150210,2026-06-17,True,73,DK,facebook|instagram,1,Still awake? For the nights you can't switch off. Slow binaural sleep sound to sink under.,Binaural Deep Sleep Playlist,hypeddit.com,40933,73,73,False,6,False,18-57,All,Music Promotion Services That Actually Work,application_form,$10 per mo
C2,can't switch off,Hibernault Audio,1185339027991166,1955573235150210,2026-06-17,True,73,DE,facebook|instagram,1,Still awake? For the nights you can't switch off. Slow binaural sleep sound to sink under.,Binaural Deep Sleep Playlist,hypeddit.com,40933,73,73,False,6,False,18-57,All,Music Promotion Services That Actually Work,application_form,$10 per mo
C2,can't switch off,Hibernault Audio,1185339027991166,1955573235150210,2026-06-17,True,73,NL,facebook|instagram,1,Still awake? For the nights you can't switch off. Slow binaural sleep sound to sink under.,Binaural Deep Sleep Playlist,hypeddit.com,40933,73,73,False,6,False,18-57,All,Music Promotion Services That Actually Work,application_form,$10 per mo
C2,can't switch off,Hibernault Audio,1185339027991166,1955573235150210,2026-06-17,True,73,GB,facebook|instagram,1,Still awake? For the nights you can't switch off. Slow binaural sleep sound to sink under.,Binaural Deep Sleep Playlist,hypeddit.com,40933,73,73,False,6,False,18-57,All,Music Promotion Services That Actually Work,application_form,$10 per mo
C2,can't switch off,Hibernault Audio,1185339027991166,1955573235150210,2026-06-17,True,73,US,facebook|instagram,1,Still awake? For the nights you can't switch off. Slow binaural sleep sound to sink under.,Binaural Deep Sleep Playlist,hypeddit.com,40933,73,73,False,6,False,18-57,All,Music Promotion Services That Actually Work,application_form,$10 per mo
C2,can't switch off,Hibernault Audio,1185339027991166,1955573235150210,2026-06-17,True,73,AU,facebook|instagram,1,Still awake? For the nights you can't switch off. Slow binaural sleep sound to sink under.,Binaural Deep Sleep Playlist,hypeddit.com,40933,73,73,False,6,False,18-57,All,Music Promotion Services That Actually Work,application_form,$10 per mo
C7,executive dysfunction,Autism Parenting Magazine,448580148545013,1697991244536452,2026-06-17,True,73,GB,facebook|instagram|audience_network|messenger|threads,2,Every child communicates in their own unique way.,You’re doing everything right… So why is it still so hard?,AutismParentingMagazine.com,616,73,73,False,3,False,18-65,All,Autism Parenting Magazine,application_form,$1
C7,executive dysfunction,Autism Parenting Magazine,448580148545013,1697991244536452,2026-06-17,True,73,US,facebook|instagram|audience_network|messenger|threads,2,Every child communicates in their own unique way.,You’re doing everything right… So why is it still so hard?,AutismParentingMagazine.com,616,73,73,False,3,False,18-65,All,Autism Parenting Magazine,application_form,$1
C7,executive dysfunction,Autism Parenting Magazine,448580148545013,1697991244536452,2026-06-17,True,73,AU,facebook|instagram|audience_network|messenger|threads,2,Every child communicates in their own unique way.,You’re doing everything right… So why is it still so hard?,AutismParentingMagazine.com,616,73,73,False,3,False,18-65,All,Autism Parenting Magazine,application_form,$1
C8,psykisk arbejdsmiljø,Credin Danmark,164917860048687,2099938914238150,2026-06-17,True,73,DK,facebook|instagram|threads,1,Det ligger os meget på sinde at sikre et godt arbejdsmiljø hos Credin 🤝,,credin.dk,63956,73,73,False,1,False,25-65,All,Credin | Eksperter i Bageriingredienser for moderne bagerier - Credin,unknown,gated
C2,can't switch off,John Davidson,105586462206105,3166078310242213,2026-06-18,True,72,GB,facebook|instagram|audience_network|messenger|threads,5,"Business owners, CEOs, high-achieving fathers.",Do It For Your Kids,www.5simpleshifts.net,,72,72,False,1,False,35-55,Men,Get Instant Access,optin,gated
C2,can't switch off,John Davidson,105586462206105,37028585276725625,2026-06-18,True,72,GB,facebook|instagram|audience_network|messenger|threads,5,"Every day I talk to professional men that are feeling trapped, overwhelmed and burnt out at work.",How to Win Back 50% of Your Time,5simpleshifts.net,,72,72,False,1,False,35-55,Men,,,
C4,somatic,Health Library,1223346947518797,2041633333103384,2026-06-18,True,72,DK,facebook|instagram|audience_network|messenger|threads,2,Sunt zile în care totul pare mai greu decât ar trebui.,O rutină simplă pentru a reveni la centrul tău 🌿,healthy.com,349,72,72,False,1,False,18-65,All,,,
C1,lying awake,Nesti,752374267952796,1058990816654715,2026-06-19,True,71,DK,facebook|instagram|audience_network|messenger|threads,1,"When your child's anxiety makes bedtime feel impossible, it's exhausting for everyone.",Calm Their Anxiety at Bedtime. Without the Battle.,nestishop.com,440,71,71,False,3,False,18-65,All,,direct_checkout,$56.50
C1,lying awake,Nesti,752374267952796,1657470465368017,2026-06-19,True,71,DK,facebook|instagram|audience_network|messenger|threads,1,"When your child's anxiety makes bedtime feel impossible, it's exhausting for everyone.",Calm Their Anxiety at Bedtime. Without the Battle.,nestishop.com,1384,71,71,False,3,False,18-65,All,,direct_checkout,$56.50
C1,lying awake,Nesti,752374267952796,1058990816654715,2026-06-19,True,71,DE,facebook|instagram|audience_network|messenger|threads,1,"When your child's anxiety makes bedtime feel impossible, it's exhausting for everyone.",Calm Their Anxiety at Bedtime. Without the Battle.,nestishop.com,440,71,71,False,3,False,18-65,All,,direct_checkout,$56.50
C1,lying awake,Nesti,752374267952796,1657470465368017,2026-06-19,True,71,DE,facebook|instagram|audience_network|messenger|threads,1,"When your child's anxiety makes bedtime feel impossible, it's exhausting for everyone.",Calm Their Anxiety at Bedtime. Without the Battle.,nestishop.com,1384,71,71,False,3,False,18-65,All,,direct_checkout,$56.50
C1,lying awake,Nesti,752374267952796,1058990816654715,2026-06-19,True,71,NL,facebook|instagram|audience_network|messenger|threads,1,"When your child's anxiety makes bedtime feel impossible, it's exhausting for everyone.",Calm Their Anxiety at Bedtime. Without the Battle.,nestishop.com,440,71,71,False,3,False,18-65,All,,direct_checkout,$56.50
C1,lying awake,Nesti,752374267952796,1657470465368017,2026-06-19,True,71,NL,facebook|instagram|audience_network|messenger|threads,1,"When your child's anxiety makes bedtime feel impossible, it's exhausting for everyone.",Calm Their Anxiety at Bedtime. Without the Battle.,nestishop.com,1384,71,71,False,3,False,18-65,All,,direct_checkout,$56.50
C2,mental load,Sofie - Effektivt vægttab,1062896026900367,1453012983533612,2026-06-19,True,71,DK,facebook|instagram,2,Jeg har fået Magnus med på kostplanen – og det gør faktisk hverdagen meget nemmere 🥳,4-ugers kostplan til par 🔥,smartmakro.dk,58460,71,71,False,1,False,18-65,Women,,direct_checkout,"329,00 kr"
C4,dysregulated,Nesti,752374267952796,1027392703096125,2026-06-19,True,71,DK,facebook|instagram|audience_network|messenger|threads,4,The calming pod that feels like a hug.,Say goodbye to bedtime battles,nestishop.com,301,72,72,False,4,False,18-65,All,,direct_checkout,$56.50
C4,dysregulated,Nesti,752374267952796,1027392703096125,2026-06-19,True,71,DE,facebook|instagram|audience_network|messenger|threads,4,The calming pod that feels like a hug.,Say goodbye to bedtime battles,nestishop.com,301,72,72,False,4,False,18-65,All,,direct_checkout,$56.50
C4,dysregulated,Nesti,752374267952796,1027392703096125,2026-06-19,True,71,NL,facebook|instagram|audience_network|messenger|threads,4,The calming pod that feels like a hug.,Say goodbye to bedtime battles,nestishop.com,301,72,72,False,4,False,18-65,All,,direct_checkout,$56.50
C4,dysregulated,Nesti,752374267952796,1319464673666636,2026-06-19,True,71,GB,facebook|instagram|audience_network|messenger|threads,4,"I honestly didn't think something this simple would make such a huge difference, but I was so wrong. 🤯",Regulate your Child,nestishop.com,,71,71,False,1,False,18-65,All,,direct_checkout,$56.50
C4,regulate your nervous system,Health Library,1223346947518797,1515955556935058,2026-06-19,True,71,GB,facebook|instagram|audience_network|messenger|threads,2,There are days when everything feels heavier than it should.,A simple routine to return to your centre 🌿,healthy.com,,71,71,False,1,False,18-65,All,,,
C1,spiralling,By Bella,707370235792782,2265046810696911,2026-06-20,True,70,GB,facebook|instagram|audience_network|messenger|threads,1,Okay so this is going to sound dramatic but I genuinely almost had a panic attack. 😰,Super Stay Technology,bellashapewear.com,,70,70,False,3,False,18-65,All,Bella Shapewear,direct_checkout,$50
C1,spiralling,By Bella,707370235792782,2265046810696911,2026-06-20,True,70,US,facebook|instagram|audience_network|messenger|threads,1,Okay so this is going to sound dramatic but I genuinely almost had a panic attack. 😰,Super Stay Technology,bellashapewear.com,,70,70,False,3,False,18-65,All,Bella Shapewear,direct_checkout,$50
C1,spiralling,By Bella,707370235792782,2265046810696911,2026-06-20,True,70,AU,facebook|instagram|audience_network|messenger|threads,1,Okay so this is going to sound dramatic but I genuinely almost had a panic attack. 😰,Super Stay Technology,bellashapewear.com,,70,70,False,3,False,18-65,All,Bella Shapewear,direct_checkout,$50
C2,can't switch off,Hibernault Audio,1185339027991166,1019520420769575,2026-06-20,True,70,DK,facebook|instagram,1,Still awake? For the nights you can't switch off. Slow binaural sleep sound to sink under.,Binaural Deep Sleep Playlist,hypeddit.com,46274,73,73,False,6,False,27-64,All,Music Promotion Services That Actually Work,application_form,$10 per mo
C2,can't switch off,Hibernault Audio,1185339027991166,1019520420769575,2026-06-20,True,70,DE,facebook|instagram,1,Still awake? For the nights you can't switch off. Slow binaural sleep sound to sink under.,Binaural Deep Sleep Playlist,hypeddit.com,46274,73,73,False,6,False,27-64,All,Music Promotion Services That Actually Work,application_form,$10 per mo
C2,can't switch off,Hibernault Audio,1185339027991166,1019520420769575,2026-06-20,True,70,NL,facebook|instagram,1,Still awake? For the nights you can't switch off. Slow binaural sleep sound to sink under.,Binaural Deep Sleep Playlist,hypeddit.com,46274,73,73,False,6,False,27-64,All,Music Promotion Services That Actually Work,application_form,$10 per mo
C2,can't switch off,Hibernault Audio,1185339027991166,1019520420769575,2026-06-20,True,70,GB,facebook|instagram,1,Still awake? For the nights you can't switch off. Slow binaural sleep sound to sink under.,Binaural Deep Sleep Playlist,hypeddit.com,46274,73,73,False,6,False,27-64,All,Music Promotion Services That Actually Work,application_form,$10 per mo
C2,can't switch off,Hibernault Audio,1185339027991166,1019520420769575,2026-06-20,True,70,US,facebook|instagram,1,Still awake? For the nights you can't switch off. Slow binaural sleep sound to sink under.,Binaural Deep Sleep Playlist,hypeddit.com,46274,73,73,False,6,False,27-64,All,Music Promotion Services That Actually Work,application_form,$10 per mo
C2,can't switch off,Hibernault Audio,1185339027991166,1019520420769575,2026-06-20,True,70,AU,facebook|instagram,1,Still awake? For the nights you can't switch off. Slow binaural sleep sound to sink under.,Binaural Deep Sleep Playlist,hypeddit.com,46274,73,73,False,6,False,27-64,All,Music Promotion Services That Actually Work,application_form,$10 per mo
C4,dysregulated,Stan Taylor,717959131411527,1577863570406270,2026-06-21,True,69,DK,facebook|instagram|messenger|threads,1,"A nervous system stuck in chronic activation, braced and flooded and unable to settle, is in real distress, and distress demands relief, and the brain will reach for whatever delivers relief fastest.",The Vice Was Never The Problem,stantaylor.com,3845,69,69,False,5,False,18-65,All,The Black Book of Power,direct_checkout,$0
C4,dysregulated,Stan Taylor,717959131411527,1577863570406270,2026-06-21,True,69,DE,facebook|instagram|messenger|threads,1,"A nervous system stuck in chronic activation, braced and flooded and unable to settle, is in real distress, and distress demands relief, and the brain will reach for whatever delivers relief fastest.",The Vice Was Never The Problem,stantaylor.com,3845,69,69,False,5,False,18-65,All,The Black Book of Power,direct_checkout,$0
C4,dysregulated,Stan Taylor,717959131411527,1577863570406270,2026-06-21,True,69,NL,facebook|instagram|messenger|threads,1,"A nervous system stuck in chronic activation, braced and flooded and unable to settle, is in real distress, and distress demands relief, and the brain will reach for whatever delivers relief fastest.",The Vice Was Never The Problem,stantaylor.com,3845,69,69,False,5,False,18-65,All,The Black Book of Power,direct_checkout,$0
C4,dysregulated,Stan Taylor,717959131411527,1577863570406270,2026-06-21,True,69,GB,facebook|instagram|messenger|threads,1,"A nervous system stuck in chronic activation, braced and flooded and unable to settle, is in real distress, and distress demands relief, and the brain will reach for whatever delivers relief fastest.",The Vice Was Never The Problem,stantaylor.com,3845,69,69,False,5,False,18-65,All,The Black Book of Power,direct_checkout,$0
C4,dysregulated,Stan Taylor,717959131411527,1577863570406270,2026-06-21,True,69,AU,facebook|instagram|messenger|threads,1,"A nervous system stuck in chronic activation, braced and flooded and unable to settle, is in real distress, and distress demands relief, and the brain will reach for whatever delivers relief fastest.",The Vice Was Never The Problem,stantaylor.com,3845,69,69,False,5,False,18-65,All,The Black Book of Power,direct_checkout,$0
C2,can't switch off,Q Shield,207544652432120,27383897577917947,2026-06-22,True,68,DK,facebook|instagram|audience_network|messenger|threads,1,Every home today runs on devices.,EMF Protection (That Actually Works),tryqshield.com,19796,68,68,False,6,False,18-65,All,QShield EMF Protection Chips - Limited Sale,direct_checkout,$50
C2,can't switch off,Q Shield,207544652432120,27383897577917947,2026-06-22,True,68,DE,facebook|instagram|audience_network|messenger|threads,1,Every home today runs on devices.,EMF Protection (That Actually Works),tryqshield.com,19796,68,68,False,6,False,18-65,All,QShield EMF Protection Chips - Limited Sale,direct_checkout,$50
C2,can't switch off,Q Shield,207544652432120,27383897577917947,2026-06-22,True,68,NL,facebook|instagram|audience_network|messenger|threads,1,Every home today runs on devices.,EMF Protection (That Actually Works),tryqshield.com,19796,68,68,False,6,False,18-65,All,QShield EMF Protection Chips - Limited Sale,direct_checkout,$50
C2,can't switch off,Q Shield,207544652432120,27383897577917947,2026-06-22,True,68,GB,facebook|instagram|audience_network|messenger|threads,1,Every home today runs on devices.,EMF Protection (That Actually Works),tryqshield.com,19796,68,68,False,6,False,18-65,All,QShield EMF Protection Chips - Limited Sale,direct_checkout,$50
C2,can't switch off,Q Shield,207544652432120,27383897577917947,2026-06-22,True,68,US,facebook|instagram|audience_network|messenger|threads,1,Every home today runs on devices.,EMF Protection (That Actually Works),tryqshield.com,19796,68,68,False,6,False,18-65,All,QShield EMF Protection Chips - Limited Sale,direct_checkout,$50
C2,can't switch off,Q Shield,207544652432120,27383897577917947,2026-06-22,True,68,AU,facebook|instagram|audience_network|messenger|threads,1,Every home today runs on devices.,EMF Protection (That Actually Works),tryqshield.com,19796,68,68,False,6,False,18-65,All,QShield EMF Protection Chips - Limited Sale,direct_checkout,$50
C4,somatic,Within The Ultimate Darkness Retreat,365508219990066,2460971301088694,2026-06-22,True,68,DK,facebook,2,Welcome to Within – The Ultimate Darkness Retreat 🌑. Discover a place where complete darkness and silence reveal the power within you. Are you ready for a life-changing journey?,,,160,68,68,False,1,False,18-65,All,,,
C4,somatic,Within The Ultimate Darkness Retreat,365508219990066,939710672459584,2026-06-22,True,68,DK,facebook,2,Welcome to Within – The Ultimate Darkness Retreat 🌑. Discover a place where complete darkness and silence reveal the power within you. Are you ready for a life-changing journey?,,,4394,68,68,False,1,False,18-65,All,,,
C7,time blindness,Psychwire.com,293897197386969,894850392921291,2026-06-22,True,68,DK,facebook|instagram|messenger|threads,1,"Learn Acceptance and Commitment Therapy (ACT) from Dr. Russ Harris, internationally acclaimed trainer and best-selling author of The Happiness Trap, who has trained over 80,000 professionals worldwide.",ACT for ADHD | Taught by Russ Harris,https://psychwire.com/act,1418,68,68,False,4,False,18-65,All,,,
C7,time blindness,Psychwire.com,293897197386969,894850392921291,2026-06-22,True,68,DE,facebook|instagram|messenger|threads,1,"Learn Acceptance and Commitment Therapy (ACT) from Dr. Russ Harris, internationally acclaimed trainer and best-selling author of The Happiness Trap, who has trained over 80,000 professionals worldwide.",ACT for ADHD | Taught by Russ Harris,https://psychwire.com/act,1418,68,68,False,4,False,18-65,All,,,
C7,time blindness,Psychwire.com,293897197386969,894850392921291,2026-06-22,True,68,NL,facebook|instagram|messenger|threads,1,"Learn Acceptance and Commitment Therapy (ACT) from Dr. Russ Harris, internationally acclaimed trainer and best-selling author of The Happiness Trap, who has trained over 80,000 professionals worldwide.",ACT for ADHD | Taught by Russ Harris,https://psychwire.com/act,1418,68,68,False,4,False,18-65,All,,,
C7,time blindness,Psychwire.com,293897197386969,894850392921291,2026-06-22,True,68,GB,facebook|instagram|messenger|threads,1,"Learn Acceptance and Commitment Therapy (ACT) from Dr. Russ Harris, internationally acclaimed trainer and best-selling author of The Happiness Trap, who has trained over 80,000 professionals worldwide.",ACT for ADHD | Taught by Russ Harris,https://psychwire.com/act,1418,68,68,False,4,False,18-65,All,,,
C5,high functioning,Mindful Drinking Community,981893088342267,1001236785986121,2026-06-23,True,67,GB,facebook|instagram|audience_network|messenger|threads,1,Tired of feeling held back by your drinking habits?,82% less alcohol in 30 days,calmio.ai,,68,68,False,6,False,25-65,Women,Therapy & Recovery Support for Life Challenges - Calmio.ai,application_form,$1
C5,high functioning,Mindful Drinking Community,981893088342267,1001236785986121,2026-06-23,True,67,US,facebook|instagram|audience_network|messenger|threads,1,Tired of feeling held back by your drinking habits?,82% less alcohol in 30 days,calmio.ai,,68,68,False,6,False,25-65,Women,Therapy & Recovery Support for Life Challenges - Calmio.ai,application_form,$1
C8,overtænker,LOCKED - Teambuilding & Escape Room,2042185095823849,975718612131470,2026-06-23,True,67,DK,facebook|instagram|audience_network|messenger|threads,1,𝗦𝗸𝗮𝗹 𝗜 𝘀𝗻𝗮𝗿𝘁 𝗶 𝗲𝘀𝗰𝗮𝗽𝗲 𝗿𝗼𝗼𝗺? 🔐,,www.locked.dk,1675,67,67,False,1,False,18-65,All,DANMARKS STØRSTE  ESCAPE   R00M   UNIVERS,application_form,gated
C2,can't switch off,JCC Academy ,963331526873249,2430287014062661,2026-06-24,True,66,GB,facebook|instagram|messenger|threads,1,🤯 Working 60–70 hour weeks and still can’t switch off? 🤯,Busy all the time… but stuck?,www.jccaofficial.com,,66,66,False,1,False,18-65,All,,,
C5,take the edge off,Mindful Drinking Community,981893088342267,1011575508014331,2026-06-24,True,66,DK,facebook|instagram|audience_network|messenger|threads,1,Tired of feeling held back by your drinking habits?,82% less alcohol in 30 days,calmio.ai,504159,68,68,False,6,False,25-65,All,Therapy & Recovery Support for Life Challenges - Calmio.ai,application_form,$1
C5,take the edge off,Dr. Alex Morgan,864198726785378,1508119900995832,2026-06-24,True,66,DK,facebook|instagram|audience_network|messenger|threads,1,Tired of feeling held back by your drinking habits?,82% less alcohol in 30 days,calmio.ai,49247,66,66,False,3,False,25-65,All,Therapy & Recovery Support for Life Challenges - Calmio.ai,application_form,$1
C5,take the edge off,Mindful Drinking Community,981893088342267,3090285767831331,2026-06-24,True,66,DK,facebook|instagram|audience_network|messenger|threads,1,Tired of feeling held back by your drinking habits?,82% less alcohol in 30 days,calmio.ai,97022,68,68,False,6,False,25-65,All,Therapy & Recovery Support for Life Challenges - Calmio.ai,application_form,$1
C5,take the edge off,Mindful Drinking Community,981893088342267,1011575508014331,2026-06-24,True,66,DE,facebook|instagram|audience_network|messenger|threads,1,Tired of feeling held back by your drinking habits?,82% less alcohol in 30 days,calmio.ai,504159,68,68,False,6,False,25-65,All,Therapy & Recovery Support for Life Challenges - Calmio.ai,application_form,$1
C5,take the edge off,Dr. Alex Morgan,864198726785378,1508119900995832,2026-06-24,True,66,DE,facebook|instagram|audience_network|messenger|threads,1,Tired of feeling held back by your drinking habits?,82% less alcohol in 30 days,calmio.ai,49247,66,66,False,3,False,25-65,All,Therapy & Recovery Support for Life Challenges - Calmio.ai,application_form,$1
C5,take the edge off,Mindful Drinking Community,981893088342267,3090285767831331,2026-06-24,True,66,DE,facebook|instagram|audience_network|messenger|threads,1,Tired of feeling held back by your drinking habits?,82% less alcohol in 30 days,calmio.ai,97022,68,68,False,6,False,25-65,All,Therapy & Recovery Support for Life Challenges - Calmio.ai,application_form,$1
C5,take the edge off,Mindful Drinking Community,981893088342267,1011575508014331,2026-06-24,True,66,NL,facebook|instagram|audience_network|messenger|threads,1,Tired of feeling held back by your drinking habits?,82% less alcohol in 30 days,calmio.ai,504159,68,68,False,6,False,25-65,All,Therapy & Recovery Support for Life Challenges - Calmio.ai,application_form,$1
C5,take the edge off,Dr. Alex Morgan,864198726785378,1508119900995832,2026-06-24,True,66,NL,facebook|instagram|audience_network|messenger|threads,1,Tired of feeling held back by your drinking habits?,82% less alcohol in 30 days,calmio.ai,49247,66,66,False,3,False,25-65,All,Therapy & Recovery Support for Life Challenges - Calmio.ai,application_form,$1
C5,take the edge off,Mindful Drinking Community,981893088342267,3090285767831331,2026-06-24,True,66,NL,facebook|instagram|audience_network|messenger|threads,1,Tired of feeling held back by your drinking habits?,82% less alcohol in 30 days,calmio.ai,97022,68,68,False,6,False,25-65,All,Therapy & Recovery Support for Life Challenges - Calmio.ai,application_form,$1
C5,wine o'clock,Humble Grape,187571511265523,1901568093850648,2026-06-24,True,66,GB,facebook|instagram|messenger|threads,3,"£6 organic wine & kids eat free. Saturdays just became your favourite day. 12–4:30 at Battersea, Islington & Canary Wharf.",£6 Organic Wine & Kids Eat Free.,humblegrape.co.uk,,66,66,False,1,False,18-65,All,Humble Grape London Wine Bar & Tasting Experiences,application_form,£45
C1,lying awake,Peak Performance Hypnosis,179079905491968,1973888183518773,2026-06-25,True,65,DK,facebook|instagram|audience_network|messenger|threads,2,"10,000 people. One speech. TOMORROW. Here's exactly what I'd tell a client to do.",🗑️ Throw Away Your Presentation Breathing Rituals,peakperformancehypnosis.com,20615,65,65,False,3,False,18-65,All,"Central & Columbus Ohio Hypnosis, Online Sessions Too",vsl,gated
C1,lying awake,The Honest Mama,1002980252908155,3898095140499629,2026-06-25,True,65,DK,facebook|instagram|audience_network|messenger|threads,2,Don't waste your money on grounding sheets until you hear what happened to me three weeks after I gave birth. I was the last person who thought something like this would help.,The sheet that helped her baby sleep,groundingwell.com,5642,65,65,False,3,False,25-65,All,Heal your Body with  Nature's Electrons,direct_checkout,$39
C1,lying awake,The Honest Mama,1002980252908155,1538173397904212,2026-06-25,True,65,DK,facebook|instagram|audience_network|messenger|threads,2,Don't waste your money on grounding sheets until you hear what happened to me three weeks after I gave birth. I was the last person who thought something like this would help.,The sheet that helped her baby sleep,groundingwell.com,16106,65,65,False,3,False,25-65,All,Heal your Body with  Nature's Electrons,direct_checkout,$39
C1,lying awake,The Honest Mama,1002980252908155,1540728794117623,2026-06-25,True,65,DK,facebook|instagram|audience_network|messenger|threads,2,Don't waste your money on grounding sheets until you hear what happened to me three weeks after I gave birth. I was the last person who thought something like this would help.,The sheet that helped her baby sleep,groundingwell.com,2972,65,65,False,3,False,25-65,All,Heal your Body with  Nature's Electrons,direct_checkout,$39
C1,lying awake,The Honest Mama,1002980252908155,1284749896803017,2026-06-25,True,65,DK,facebook|instagram|audience_network|messenger|threads,2,Don't waste your money on grounding sheets until you hear what happened to me three weeks after I gave birth. I was the last person who thought something like this would help.,The sheet that helped her baby sleep,groundingwell.com,5375,65,65,False,3,False,25-65,All,Heal your Body with  Nature's Electrons,direct_checkout,$39
C1,lying awake,The Honest Mama,1002980252908155,2213203406201642,2026-06-25,True,65,DK,facebook|instagram|audience_network|messenger|threads,2,Don't waste your money on grounding sheets until you hear what happened to me three weeks after I gave birth. I was the last person who thought something like this would help.,The sheet that helped her baby sleep,groundingwell.com,495,65,65,False,3,False,25-65,All,Heal your Body with  Nature's Electrons,direct_checkout,$39
C1,lying awake,The Honest Mama,1002980252908155,4262017260715895,2026-06-25,True,65,DK,facebook|instagram|audience_network|messenger|threads,2,Don't waste your money on grounding sheets until you hear what happened to me three weeks after I gave birth. I was the last person who thought something like this would help.,The sheet that helped her baby sleep,groundingwell.com,401,65,65,False,3,False,25-65,All,Heal your Body with  Nature's Electrons,direct_checkout,$39
C1,lying awake,Peak Performance Hypnosis,179079905491968,1973888183518773,2026-06-25,True,65,DE,facebook|instagram|audience_network|messenger|threads,2,"10,000 people. One speech. TOMORROW. Here's exactly what I'd tell a client to do.",🗑️ Throw Away Your Presentation Breathing Rituals,peakperformancehypnosis.com,20615,65,65,False,3,False,18-65,All,"Central & Columbus Ohio Hypnosis, Online Sessions Too",vsl,gated
C1,lying awake,The Honest Mama,1002980252908155,3898095140499629,2026-06-25,True,65,DE,facebook|instagram|audience_network|messenger|threads,2,Don't waste your money on grounding sheets until you hear what happened to me three weeks after I gave birth. I was the last person who thought something like this would help.,The sheet that helped her baby sleep,groundingwell.com,5642,65,65,False,3,False,25-65,All,Heal your Body with  Nature's Electrons,direct_checkout,$39
C1,lying awake,The Honest Mama,1002980252908155,1538173397904212,2026-06-25,True,65,DE,facebook|instagram|audience_network|messenger|threads,2,Don't waste your money on grounding sheets until you hear what happened to me three weeks after I gave birth. I was the last person who thought something like this would help.,The sheet that helped her baby sleep,groundingwell.com,16106,65,65,False,3,False,25-65,All,Heal your Body with  Nature's Electrons,direct_checkout,$39
C1,lying awake,The Honest Mama,1002980252908155,1540728794117623,2026-06-25,True,65,DE,facebook|instagram|audience_network|messenger|threads,2,Don't waste your money on grounding sheets until you hear what happened to me three weeks after I gave birth. I was the last person who thought something like this would help.,The sheet that helped her baby sleep,groundingwell.com,2972,65,65,False,3,False,25-65,All,Heal your Body with  Nature's Electrons,direct_checkout,$39
C1,lying awake,The Honest Mama,1002980252908155,1284749896803017,2026-06-25,True,65,DE,facebook|instagram|audience_network|messenger|threads,2,Don't waste your money on grounding sheets until you hear what happened to me three weeks after I gave birth. I was the last person who thought something like this would help.,The sheet that helped her baby sleep,groundingwell.com,5375,65,65,False,3,False,25-65,All,Heal your Body with  Nature's Electrons,direct_checkout,$39
C1,lying awake,The Honest Mama,1002980252908155,2213203406201642,2026-06-25,True,65,DE,facebook|instagram|audience_network|messenger|threads,2,Don't waste your money on grounding sheets until you hear what happened to me three weeks after I gave birth. I was the last person who thought something like this would help.,The sheet that helped her baby sleep,groundingwell.com,495,65,65,False,3,False,25-65,All,Heal your Body with  Nature's Electrons,direct_checkout,$39
C1,lying awake,The Honest Mama,1002980252908155,4262017260715895,2026-06-25,True,65,DE,facebook|instagram|audience_network|messenger|threads,2,Don't waste your money on grounding sheets until you hear what happened to me three weeks after I gave birth. I was the last person who thought something like this would help.,The sheet that helped her baby sleep,groundingwell.com,401,65,65,False,3,False,25-65,All,Heal your Body with  Nature's Electrons,direct_checkout,$39
C1,lying awake,Peak Performance Hypnosis,179079905491968,1973888183518773,2026-06-25,True,65,NL,facebook|instagram|audience_network|messenger|threads,2,"10,000 people. One speech. TOMORROW. Here's exactly what I'd tell a client to do.",🗑️ Throw Away Your Presentation Breathing Rituals,peakperformancehypnosis.com,20615,65,65,False,3,False,18-65,All,"Central & Columbus Ohio Hypnosis, Online Sessions Too",vsl,gated
C1,lying awake,The Honest Mama,1002980252908155,3898095140499629,2026-06-25,True,65,NL,facebook|instagram|audience_network|messenger|threads,2,Don't waste your money on grounding sheets until you hear what happened to me three weeks after I gave birth. I was the last person who thought something like this would help.,The sheet that helped her baby sleep,groundingwell.com,5642,65,65,False,3,False,25-65,All,Heal your Body with  Nature's Electrons,direct_checkout,$39
C1,lying awake,The Honest Mama,1002980252908155,1538173397904212,2026-06-25,True,65,NL,facebook|instagram|audience_network|messenger|threads,2,Don't waste your money on grounding sheets until you hear what happened to me three weeks after I gave birth. I was the last person who thought something like this would help.,The sheet that helped her baby sleep,groundingwell.com,16106,65,65,False,3,False,25-65,All,Heal your Body with  Nature's Electrons,direct_checkout,$39
C1,lying awake,The Honest Mama,1002980252908155,1540728794117623,2026-06-25,True,65,NL,facebook|instagram|audience_network|messenger|threads,2,Don't waste your money on grounding sheets until you hear what happened to me three weeks after I gave birth. I was the last person who thought something like this would help.,The sheet that helped her baby sleep,groundingwell.com,2972,65,65,False,3,False,25-65,All,Heal your Body with  Nature's Electrons,direct_checkout,$39
C1,lying awake,The Honest Mama,1002980252908155,1284749896803017,2026-06-25,True,65,NL,facebook|instagram|audience_network|messenger|threads,2,Don't waste your money on grounding sheets until you hear what happened to me three weeks after I gave birth. I was the last person who thought something like this would help.,The sheet that helped her baby sleep,groundingwell.com,5375,65,65,False,3,False,25-65,All,Heal your Body with  Nature's Electrons,direct_checkout,$39
C1,lying awake,The Honest Mama,1002980252908155,2213203406201642,2026-06-25,True,65,NL,facebook|instagram|audience_network|messenger|threads,2,Don't waste your money on grounding sheets until you hear what happened to me three weeks after I gave birth. I was the last person who thought something like this would help.,The sheet that helped her baby sleep,groundingwell.com,495,65,65,False,3,False,25-65,All,Heal your Body with  Nature's Electrons,direct_checkout,$39
C1,lying awake,The Honest Mama,1002980252908155,4262017260715895,2026-06-25,True,65,NL,facebook|instagram|audience_network|messenger|threads,2,Don't waste your money on grounding sheets until you hear what happened to me three weeks after I gave birth. I was the last person who thought something like this would help.,The sheet that helped her baby sleep,groundingwell.com,401,65,65,False,3,False,25-65,All,Heal your Body with  Nature's Electrons,direct_checkout,$39
C2,mental load,Sofie - Effektivt vægttab,1062896026900367,1518392999767058,2026-06-25,True,65,DK,facebook|instagram,2,Jeg har fået Magnus med på kostplanen – og det gør faktisk hverdagen meget nemmere 🥳,4-ugers kostplan til par 🔥,smartmakro.dk,11319,65,65,False,1,False,18-65,Women,,direct_checkout,"329,00 kr"
C2,mental load,Lunã,1014717651716397,27511089685185059,2026-06-25,True,65,GB,facebook|instagram|audience_network|messenger|threads,1,We didn't tell you your period week would start feeling like every other week.,Feel Normal. Even On Your Period. 💕,lunasperiod.co.uk,,65,65,False,1,False,18-65,Women,Lunã,direct_checkout,£29.95
C4,regulate your nervous system,The Workout Witch,100250308443334,1398393262098766,2026-06-25,True,65,GB,facebook|instagram|audience_network|messenger|threads,1,permission granted to ditch your 12 step wellness routine 👇🏼,tiny movements. visible results in 3 days.,theworkoutwitch.com,30,65,65,False,3,False,18-65,All,Embody: Nervous System Reset App,direct_checkout,$29.00
C4,regulate your nervous system,The Workout Witch,100250308443334,1398393262098766,2026-06-25,True,65,US,facebook|instagram|audience_network|messenger|threads,1,permission granted to ditch your 12 step wellness routine 👇🏼,tiny movements. visible results in 3 days.,theworkoutwitch.com,30,65,65,False,3,False,18-65,All,Embody: Nervous System Reset App,direct_checkout,$29.00
C4,regulate your nervous system,The Workout Witch,100250308443334,1398393262098766,2026-06-25,True,65,AU,facebook|instagram|audience_network|messenger|threads,1,permission granted to ditch your 12 step wellness routine 👇🏼,tiny movements. visible results in 3 days.,theworkoutwitch.com,30,65,65,False,3,False,18-65,All,Embody: Nervous System Reset App,direct_checkout,$29.00
C2,can't switch off,John Davidson,105586462206105,1018555134387594,2026-06-26,True,64,GB,facebook|instagram|audience_network|messenger|threads,5,"Business owners, CEOs and high-performing professionals...",Stop the Ship from Sinking,5simpleshifts.net,,64,64,False,1,False,35-55,Men,,,
C2,mental load,Lulema,255082337688821,27388829697422147,2026-06-26,True,64,DE,facebook|instagram|audience_network|messenger|threads,2,Dein Körper leistet gerade jeden Tag Unglaubliches. Da sollte wenigstens dein BH mitdenken. 🤍,DryMama™ - Auslaufsicherer Still-BH,lulema.at,105,64,64,False,1,False,18-65,All,,direct_checkout,"€0,00"
C5,high functioning,Mindful Drinking Community,981893088342267,1354880933400855,2026-06-26,True,64,DK,facebook|instagram|audience_network|messenger|threads,1,Tired of feeling held back by your drinking habits?,82% less alcohol in 30 days,calmio.ai,25835,68,68,False,6,False,18-65,All,Therapy & Recovery Support for Life Challenges - Calmio.ai,application_form,$1
C5,high functioning,Mindful Drinking Community,981893088342267,1354880933400855,2026-06-26,True,64,DE,facebook|instagram|audience_network|messenger|threads,1,Tired of feeling held back by your drinking habits?,82% less alcohol in 30 days,calmio.ai,25835,68,68,False,6,False,18-65,All,Therapy & Recovery Support for Life Challenges - Calmio.ai,application_form,$1
C5,high functioning,Mindful Drinking Community,981893088342267,1354880933400855,2026-06-26,True,64,NL,facebook|instagram|audience_network|messenger|threads,1,Tired of feeling held back by your drinking habits?,82% less alcohol in 30 days,calmio.ai,25835,68,68,False,6,False,18-65,All,Therapy & Recovery Support for Life Challenges - Calmio.ai,application_form,$1
C5,high functioning,Mindful Drinking Community,981893088342267,1354880933400855,2026-06-26,True,64,GB,facebook|instagram|audience_network|messenger|threads,1,Tired of feeling held back by your drinking habits?,82% less alcohol in 30 days,calmio.ai,25835,68,68,False,6,False,18-65,All,Therapy & Recovery Support for Life Challenges - Calmio.ai,application_form,$1
C5,high functioning,Mindful Drinking Community,981893088342267,1354880933400855,2026-06-26,True,64,US,facebook|instagram|audience_network|messenger|threads,1,Tired of feeling held back by your drinking habits?,82% less alcohol in 30 days,calmio.ai,25835,68,68,False,6,False,18-65,All,Therapy & Recovery Support for Life Challenges - Calmio.ai,application_form,$1
C5,take the edge off,Mindful Drinking Community,981893088342267,2093318891215518,2026-06-26,True,64,DK,facebook|instagram|audience_network|messenger|threads,1,Tired of feeling held back by your drinking habits?,82% less alcohol in 30 days,calmio.ai,10705,68,68,False,6,False,18-65,All,Therapy & Recovery Support for Life Challenges - Calmio.ai,application_form,$1
C5,take the edge off,Mindful Drinking Community,981893088342267,1354880933400855,2026-06-26,True,64,DK,facebook|instagram|audience_network|messenger|threads,1,Tired of feeling held back by your drinking habits?,82% less alcohol in 30 days,calmio.ai,25835,68,68,False,6,False,18-65,All,Therapy & Recovery Support for Life Challenges - Calmio.ai,application_form,$1
C5,take the edge off,Mindful Drinking Community,981893088342267,2093318891215518,2026-06-26,True,64,DE,facebook|instagram|audience_network|messenger|threads,1,Tired of feeling held back by your drinking habits?,82% less alcohol in 30 days,calmio.ai,10705,68,68,False,6,False,18-65,All,Therapy & Recovery Support for Life Challenges - Calmio.ai,application_form,$1
C5,take the edge off,Mindful Drinking Community,981893088342267,1354880933400855,2026-06-26,True,64,DE,facebook|instagram|audience_network|messenger|threads,1,Tired of feeling held back by your drinking habits?,82% less alcohol in 30 days,calmio.ai,25835,68,68,False,6,False,18-65,All,Therapy & Recovery Support for Life Challenges - Calmio.ai,application_form,$1
C5,take the edge off,Mindful Drinking Community,981893088342267,2093318891215518,2026-06-26,True,64,NL,facebook|instagram|audience_network|messenger|threads,1,Tired of feeling held back by your drinking habits?,82% less alcohol in 30 days,calmio.ai,10705,68,68,False,6,False,18-65,All,Therapy & Recovery Support for Life Challenges - Calmio.ai,application_form,$1
C5,take the edge off,Mindful Drinking Community,981893088342267,1354880933400855,2026-06-26,True,64,NL,facebook|instagram|audience_network|messenger|threads,1,Tired of feeling held back by your drinking habits?,82% less alcohol in 30 days,calmio.ai,25835,68,68,False,6,False,18-65,All,Therapy & Recovery Support for Life Challenges - Calmio.ai,application_form,$1
C2,mental load,Your Wedding Mate,348541655001056,803286536204907,2026-06-29,True,61,DK,facebook|instagram|audience_network|messenger|threads,2,I thought wedding planning was supposed to feel overwhelming.,I Thought Wedding Stress Was Normal...,yourweddingmate.com,88,61,61,False,6,False,18-65,All,Your Wedding Mate,direct_checkout,"€20,00"
C2,mental load,Your Wedding Mate,348541655001056,1596209035410746,2026-06-29,True,61,DK,facebook|instagram|audience_network|messenger|threads,2,I thought wedding planning was supposed to feel overwhelming.,I Thought Wedding Stress Was Normal...,yourweddingmate.com,489,61,61,False,6,False,18-65,All,Your Wedding Mate,direct_checkout,"€20,00"
C2,mental load,Your Wedding Mate,348541655001056,803286536204907,2026-06-29,True,61,DE,facebook|instagram|audience_network|messenger|threads,2,I thought wedding planning was supposed to feel overwhelming.,I Thought Wedding Stress Was Normal...,yourweddingmate.com,88,61,61,False,6,False,18-65,All,Your Wedding Mate,direct_checkout,"€20,00"
C2,mental load,Your Wedding Mate,348541655001056,1596209035410746,2026-06-29,True,61,DE,facebook|instagram|audience_network|messenger|threads,2,I thought wedding planning was supposed to feel overwhelming.,I Thought Wedding Stress Was Normal...,yourweddingmate.com,489,61,61,False,6,False,18-65,All,Your Wedding Mate,direct_checkout,"€20,00"
C2,mental load,Your Wedding Mate,348541655001056,803286536204907,2026-06-29,True,61,NL,facebook|instagram|audience_network|messenger|threads,2,I thought wedding planning was supposed to feel overwhelming.,I Thought Wedding Stress Was Normal...,yourweddingmate.com,88,61,61,False,6,False,18-65,All,Your Wedding Mate,direct_checkout,"€20,00"
C2,mental load,Your Wedding Mate,348541655001056,1596209035410746,2026-06-29,True,61,NL,facebook|instagram|audience_network|messenger|threads,2,I thought wedding planning was supposed to feel overwhelming.,I Thought Wedding Stress Was Normal...,yourweddingmate.com,489,61,61,False,6,False,18-65,All,Your Wedding Mate,direct_checkout,"€20,00"
C2,mental load,Your Wedding Mate,348541655001056,803286536204907,2026-06-29,True,61,GB,facebook|instagram|audience_network|messenger|threads,2,I thought wedding planning was supposed to feel overwhelming.,I Thought Wedding Stress Was Normal...,yourweddingmate.com,88,61,61,False,6,False,18-65,All,Your Wedding Mate,direct_checkout,"€20,00"
C2,mental load,Your Wedding Mate,348541655001056,1596209035410746,2026-06-29,True,61,GB,facebook|instagram|audience_network|messenger|threads,2,I thought wedding planning was supposed to feel overwhelming.,I Thought Wedding Stress Was Normal...,yourweddingmate.com,489,61,61,False,6,False,18-65,All,Your Wedding Mate,direct_checkout,"€20,00"
C2,mental load,Your Wedding Mate,348541655001056,803286536204907,2026-06-29,True,61,US,facebook|instagram|audience_network|messenger|threads,2,I thought wedding planning was supposed to feel overwhelming.,I Thought Wedding Stress Was Normal...,yourweddingmate.com,88,61,61,False,6,False,18-65,All,Your Wedding Mate,direct_checkout,"€20,00"
C2,mental load,Your Wedding Mate,348541655001056,1596209035410746,2026-06-29,True,61,US,facebook|instagram|audience_network|messenger|threads,2,I thought wedding planning was supposed to feel overwhelming.,I Thought Wedding Stress Was Normal...,yourweddingmate.com,489,61,61,False,6,False,18-65,All,Your Wedding Mate,direct_checkout,"€20,00"
C2,mental load,Your Wedding Mate,348541655001056,803286536204907,2026-06-29,True,61,AU,facebook|instagram|audience_network|messenger|threads,2,I thought wedding planning was supposed to feel overwhelming.,I Thought Wedding Stress Was Normal...,yourweddingmate.com,88,61,61,False,6,False,18-65,All,Your Wedding Mate,direct_checkout,"€20,00"
C2,mental load,Your Wedding Mate,348541655001056,1596209035410746,2026-06-29,True,61,AU,facebook|instagram|audience_network|messenger|threads,2,I thought wedding planning was supposed to feel overwhelming.,I Thought Wedding Stress Was Normal...,yourweddingmate.com,489,61,61,False,6,False,18-65,All,Your Wedding Mate,direct_checkout,"€20,00"
C4,somatic,Songdance,851447918284201,2448753762269663,2026-06-29,True,61,DK,facebook|instagram|audience_network|messenger|threads,4,I am your voice. I am here.,Join The Somatic Vocal Healing Workshop,www.songdance.co,2862,61,61,False,2,False,18-65,All,"sounded. "",""Your voice already knows  how. "",""Before the words, there was a  sound. "",""You were born making  sound. ""]"">Some things can't be said. They can be  sounded.",application_form,€99
C4,somatic,Songdance,851447918284201,986193820855917,2026-06-29,True,61,DK,facebook|instagram|audience_network|messenger|threads,4,Your voice holds the key to emotional freedom. Join our live online healing session!,Join The Somatic Vocal Healing Workshop,songdance.co,2171,61,61,False,1,False,18-65,All,"sounded. "",""Your voice already knows  how. "",""Before the words, there was a  sound. "",""You were born making  sound. ""]"">Some things can't be said. They can be  sounded.",application_form,€99
C4,body keeps the score,MentorShow World,111591108632923,1400176441946665,2026-06-29,True,61,DK,facebook|instagram|audience_network|messenger|threads,1,[New] From Survival to Inner Safety: A New Way to Recover After Trauma,From Survival to Inner Safety,mentorshow.com,25375,61,61,False,6,False,25-65,All,Offrez-vous  15 minutes,application_form,gated
C4,body keeps the score,MentorShow World,111591108632923,2866945600305642,2026-06-29,True,61,DK,facebook|instagram|audience_network|messenger|threads,1,[New] From Survival to Inner Safety: A New Way to Recover After Trauma,From Survival to Inner Safety,mentorshow.com,191094,61,61,False,6,False,25-65,All,Offrez-vous  15 minutes,application_form,gated
C4,body keeps the score,MentorShow World,111591108632923,2001539933812211,2026-06-29,True,61,DK,facebook|instagram|audience_network|messenger|threads,1,[New] From Survival to Inner Safety: A New Way to Recover After Trauma,From Survival to Inner Safety,mentorshow.com,13799,61,61,False,6,False,25-65,All,Offrez-vous  15 minutes,application_form,gated
C4,body keeps the score,MentorShow World,111591108632923,1400176441946665,2026-06-29,True,61,DE,facebook|instagram|audience_network|messenger|threads,1,[New] From Survival to Inner Safety: A New Way to Recover After Trauma,From Survival to Inner Safety,mentorshow.com,25375,61,61,False,6,False,25-65,All,Offrez-vous  15 minutes,application_form,gated
C4,body keeps the score,MentorShow World,111591108632923,2866945600305642,2026-06-29,True,61,DE,facebook|instagram|audience_network|messenger|threads,1,[New] From Survival to Inner Safety: A New Way to Recover After Trauma,From Survival to Inner Safety,mentorshow.com,191094,61,61,False,6,False,25-65,All,Offrez-vous  15 minutes,application_form,gated
C4,body keeps the score,MentorShow World,111591108632923,2001539933812211,2026-06-29,True,61,DE,facebook|instagram|audience_network|messenger|threads,1,[New] From Survival to Inner Safety: A New Way to Recover After Trauma,From Survival to Inner Safety,mentorshow.com,13799,61,61,False,6,False,25-65,All,Offrez-vous  15 minutes,application_form,gated
C4,body keeps the score,MentorShow World,111591108632923,1400176441946665,2026-06-29,True,61,NL,facebook|instagram|audience_network|messenger|threads,1,[New] From Survival to Inner Safety: A New Way to Recover After Trauma,From Survival to Inner Safety,mentorshow.com,25375,61,61,False,6,False,25-65,All,Offrez-vous  15 minutes,application_form,gated
C4,body keeps the score,MentorShow World,111591108632923,2866945600305642,2026-06-29,True,61,NL,facebook|instagram|audience_network|messenger|threads,1,[New] From Survival to Inner Safety: A New Way to Recover After Trauma,From Survival to Inner Safety,mentorshow.com,191094,61,61,False,6,False,25-65,All,Offrez-vous  15 minutes,application_form,gated
C4,body keeps the score,MentorShow World,111591108632923,2001539933812211,2026-06-29,True,61,NL,facebook|instagram|audience_network|messenger|threads,1,[New] From Survival to Inner Safety: A New Way to Recover After Trauma,From Survival to Inner Safety,mentorshow.com,13799,61,61,False,6,False,25-65,All,Offrez-vous  15 minutes,application_form,gated
C4,body keeps the score,MentorShow World,111591108632923,1400176441946665,2026-06-29,True,61,GB,facebook|instagram|audience_network|messenger|threads,1,[New] From Survival to Inner Safety: A New Way to Recover After Trauma,From Survival to Inner Safety,mentorshow.com,25375,61,61,False,6,False,25-65,All,Offrez-vous  15 minutes,application_form,gated
C4,body keeps the score,MentorShow World,111591108632923,2866945600305642,2026-06-29,True,61,GB,facebook|instagram|audience_network|messenger|threads,1,[New] From Survival to Inner Safety: A New Way to Recover After Trauma,From Survival to Inner Safety,mentorshow.com,191094,61,61,False,6,False,25-65,All,Offrez-vous  15 minutes,application_form,gated
C4,body keeps the score,MentorShow World,111591108632923,2001539933812211,2026-06-29,True,61,GB,facebook|instagram|audience_network|messenger|threads,1,[New] From Survival to Inner Safety: A New Way to Recover After Trauma,From Survival to Inner Safety,mentorshow.com,13799,61,61,False,6,False,25-65,All,Offrez-vous  15 minutes,application_form,gated
C4,body keeps the score,MentorShow World,111591108632923,1400176441946665,2026-06-29,True,61,US,facebook|instagram|audience_network|messenger|threads,1,[New] From Survival to Inner Safety: A New Way to Recover After Trauma,From Survival to Inner Safety,mentorshow.com,25375,61,61,False,6,False,25-65,All,Offrez-vous  15 minutes,application_form,gated
C4,body keeps the score,MentorShow World,111591108632923,2866945600305642,2026-06-29,True,61,US,facebook|instagram|audience_network|messenger|threads,1,[New] From Survival to Inner Safety: A New Way to Recover After Trauma,From Survival to Inner Safety,mentorshow.com,191094,61,61,False,6,False,25-65,All,Offrez-vous  15 minutes,application_form,gated
C4,body keeps the score,MentorShow World,111591108632923,2001539933812211,2026-06-29,True,61,US,facebook|instagram|audience_network|messenger|threads,1,[New] From Survival to Inner Safety: A New Way to Recover After Trauma,From Survival to Inner Safety,mentorshow.com,13799,61,61,False,6,False,25-65,All,Offrez-vous  15 minutes,application_form,gated
C4,body keeps the score,MentorShow World,111591108632923,1400176441946665,2026-06-29,True,61,AU,facebook|instagram|audience_network|messenger|threads,1,[New] From Survival to Inner Safety: A New Way to Recover After Trauma,From Survival to Inner Safety,mentorshow.com,25375,61,61,False,6,False,25-65,All,Offrez-vous  15 minutes,application_form,gated
C4,body keeps the score,MentorShow World,111591108632923,2866945600305642,2026-06-29,True,61,AU,facebook|instagram|audience_network|messenger|threads,1,[New] From Survival to Inner Safety: A New Way to Recover After Trauma,From Survival to Inner Safety,mentorshow.com,191094,61,61,False,6,False,25-65,All,Offrez-vous  15 minutes,application_form,gated
C4,body keeps the score,MentorShow World,111591108632923,2001539933812211,2026-06-29,True,61,AU,facebook|instagram|audience_network|messenger|threads,1,[New] From Survival to Inner Safety: A New Way to Recover After Trauma,From Survival to Inner Safety,mentorshow.com,13799,61,61,False,6,False,25-65,All,Offrez-vous  15 minutes,application_form,gated
C5,high functioning,Alcohol Free Daily,1242007825660068,3467802273387674,2026-06-29,True,61,DK,facebook|instagram|audience_network|messenger|threads,1,Tired of feeling held back by your drinking habits?,82% less alcohol in 30 days,calmio.ai,12440,61,61,False,3,False,25-65,All,Therapy & Recovery Support for Life Challenges - Calmio.ai,application_form,$1
C5,high functioning,Alcohol Free Daily,1242007825660068,3683262361813332,2026-06-29,True,61,DK,facebook|instagram|audience_network|messenger|threads,1,Tired of feeling held back by your drinking habits?,82% less alcohol in 30 days,calmio.ai,34000,61,61,False,3,False,25-65,All,Therapy & Recovery Support for Life Challenges - Calmio.ai,application_form,$1
C5,high functioning,Alcohol Free Daily,1242007825660068,971652489253774,2026-06-29,True,61,DK,facebook|instagram|audience_network|messenger|threads,1,Tired of feeling held back by your drinking habits?,82% less alcohol in 30 days,calmio.ai,321,61,61,False,3,False,25-65,All,Therapy & Recovery Support for Life Challenges - Calmio.ai,application_form,$1
C5,high functioning,Alcohol Free Daily,1242007825660068,3467802273387674,2026-06-29,True,61,DE,facebook|instagram|audience_network|messenger|threads,1,Tired of feeling held back by your drinking habits?,82% less alcohol in 30 days,calmio.ai,12440,61,61,False,3,False,25-65,All,Therapy & Recovery Support for Life Challenges - Calmio.ai,application_form,$1
C5,high functioning,Alcohol Free Daily,1242007825660068,3683262361813332,2026-06-29,True,61,DE,facebook|instagram|audience_network|messenger|threads,1,Tired of feeling held back by your drinking habits?,82% less alcohol in 30 days,calmio.ai,34000,61,61,False,3,False,25-65,All,Therapy & Recovery Support for Life Challenges - Calmio.ai,application_form,$1
C5,high functioning,Alcohol Free Daily,1242007825660068,971652489253774,2026-06-29,True,61,DE,facebook|instagram|audience_network|messenger|threads,1,Tired of feeling held back by your drinking habits?,82% less alcohol in 30 days,calmio.ai,321,61,61,False,3,False,25-65,All,Therapy & Recovery Support for Life Challenges - Calmio.ai,application_form,$1
C5,high functioning,Alcohol Free Daily,1242007825660068,3467802273387674,2026-06-29,True,61,NL,facebook|instagram|audience_network|messenger|threads,1,Tired of feeling held back by your drinking habits?,82% less alcohol in 30 days,calmio.ai,12440,61,61,False,3,False,25-65,All,Therapy & Recovery Support for Life Challenges - Calmio.ai,application_form,$1
C5,high functioning,Alcohol Free Daily,1242007825660068,3683262361813332,2026-06-29,True,61,NL,facebook|instagram|audience_network|messenger|threads,1,Tired of feeling held back by your drinking habits?,82% less alcohol in 30 days,calmio.ai,34000,61,61,False,3,False,25-65,All,Therapy & Recovery Support for Life Challenges - Calmio.ai,application_form,$1
C5,high functioning,Alcohol Free Daily,1242007825660068,971652489253774,2026-06-29,True,61,NL,facebook|instagram|audience_network|messenger|threads,1,Tired of feeling held back by your drinking habits?,82% less alcohol in 30 days,calmio.ai,321,61,61,False,3,False,25-65,All,Therapy & Recovery Support for Life Challenges - Calmio.ai,application_form,$1
C5,take the edge off,Alcohol Free Daily,1242007825660068,3467802273387674,2026-06-29,True,61,DK,facebook|instagram|audience_network|messenger|threads,1,Tired of feeling held back by your drinking habits?,82% less alcohol in 30 days,calmio.ai,12440,61,61,False,3,False,25-65,All,Therapy & Recovery Support for Life Challenges - Calmio.ai,application_form,$1
C5,take the edge off,Mindful Drinking Community,981893088342267,2333551437052566,2026-06-29,True,61,DK,facebook|instagram|audience_network|messenger|threads,1,Tired of feeling held back by your drinking habits?,82% less alcohol in 30 days,calmio.ai,461,68,68,False,6,False,25-65,All,Therapy & Recovery Support for Life Challenges - Calmio.ai,application_form,$1
C5,take the edge off,Alcohol Free Daily,1242007825660068,3683262361813332,2026-06-29,True,61,DK,facebook|instagram|audience_network|messenger|threads,1,Tired of feeling held back by your drinking habits?,82% less alcohol in 30 days,calmio.ai,34000,61,61,False,3,False,25-65,All,Therapy & Recovery Support for Life Challenges - Calmio.ai,application_form,$1
C5,take the edge off,Mindful Drinking Community,981893088342267,787456261081220,2026-06-29,True,61,DK,facebook|instagram|audience_network|messenger|threads,1,Tired of feeling held back by your drinking habits?,82% less alcohol in 30 days,calmio.ai,70,68,68,False,6,False,25-65,All,Therapy & Recovery Support for Life Challenges - Calmio.ai,application_form,$1
C5,take the edge off,Alcohol Free Daily,1242007825660068,971652489253774,2026-06-29,True,61,DK,facebook|instagram|audience_network|messenger|threads,1,Tired of feeling held back by your drinking habits?,82% less alcohol in 30 days,calmio.ai,321,61,61,False,3,False,25-65,All,Therapy & Recovery Support for Life Challenges - Calmio.ai,application_form,$1
C5,take the edge off,Mindful Drinking Community,981893088342267,1406406354727613,2026-06-29,True,61,DK,facebook|instagram|audience_network|messenger|threads,1,Tired of feeling held back by your drinking habits?,82% less alcohol in 30 days,calmio.ai,444,68,68,False,6,False,25-65,All,Therapy & Recovery Support for Life Challenges - Calmio.ai,application_form,$1
C5,take the edge off,Mindful Drinking Community,981893088342267,27344328288558031,2026-06-29,True,61,DK,facebook|instagram|audience_network|messenger|threads,1,Tired of feeling held back by your drinking habits?,82% less alcohol in 30 days,calmio.ai,29,68,68,False,6,False,25-65,All,Therapy & Recovery Support for Life Challenges - Calmio.ai,application_form,$1
C5,take the edge off,Mindful Drinking Community,981893088342267,1000254296115545,2026-06-29,True,61,DK,facebook|instagram|audience_network|messenger|threads,1,Tired of feeling held back by your drinking habits?,82% less alcohol in 30 days,calmio.ai,97,68,68,False,6,False,25-65,All,Therapy & Recovery Support for Life Challenges - Calmio.ai,application_form,$1
C5,take the edge off,Mindful Drinking Community,981893088342267,1549752343370848,2026-06-29,True,61,DK,facebook|instagram|audience_network|messenger|threads,1,Tired of feeling held back by your drinking habits?,82% less alcohol in 30 days,calmio.ai,181,68,68,False,6,False,25-65,All,Therapy & Recovery Support for Life Challenges - Calmio.ai,application_form,$1
C5,take the edge off,Mindful Drinking Community,981893088342267,1000428642594605,2026-06-29,True,61,DK,facebook|instagram|audience_network|messenger|threads,1,Tired of feeling held back by your drinking habits?,82% less alcohol in 30 days,calmio.ai,800,68,68,False,6,False,25-65,All,Therapy & Recovery Support for Life Challenges - Calmio.ai,application_form,$1
C5,take the edge off,Mindful Drinking Community,981893088342267,1015024347893287,2026-06-29,True,61,DK,facebook|instagram|audience_network|messenger|threads,1,Tired of feeling held back by your drinking habits?,82% less alcohol in 30 days,calmio.ai,43,68,68,False,6,False,25-65,All,Therapy & Recovery Support for Life Challenges - Calmio.ai,application_form,$1
C5,take the edge off,Mindful Drinking Community,981893088342267,1407632974531519,2026-06-29,True,61,DK,facebook|instagram|audience_network|messenger|threads,1,Tired of feeling held back by your drinking habits?,82% less alcohol in 30 days,calmio.ai,114,68,68,False,6,False,25-65,All,Therapy & Recovery Support for Life Challenges - Calmio.ai,application_form,$1
C5,take the edge off,Alcohol Free Daily,1242007825660068,3467802273387674,2026-06-29,True,61,DE,facebook|instagram|audience_network|messenger|threads,1,Tired of feeling held back by your drinking habits?,82% less alcohol in 30 days,calmio.ai,12440,61,61,False,3,False,25-65,All,Therapy & Recovery Support for Life Challenges - Calmio.ai,application_form,$1
C5,take the edge off,Mindful Drinking Community,981893088342267,2333551437052566,2026-06-29,True,61,DE,facebook|instagram|audience_network|messenger|threads,1,Tired of feeling held back by your drinking habits?,82% less alcohol in 30 days,calmio.ai,461,68,68,False,6,False,25-65,All,Therapy & Recovery Support for Life Challenges - Calmio.ai,application_form,$1
C5,take the edge off,Alcohol Free Daily,1242007825660068,3683262361813332,2026-06-29,True,61,DE,facebook|instagram|audience_network|messenger|threads,1,Tired of feeling held back by your drinking habits?,82% less alcohol in 30 days,calmio.ai,34000,61,61,False,3,False,25-65,All,Therapy & Recovery Support for Life Challenges - Calmio.ai,application_form,$1
C5,take the edge off,Mindful Drinking Community,981893088342267,787456261081220,2026-06-29,True,61,DE,facebook|instagram|audience_network|messenger|threads,1,Tired of feeling held back by your drinking habits?,82% less alcohol in 30 days,calmio.ai,70,68,68,False,6,False,25-65,All,Therapy & Recovery Support for Life Challenges - Calmio.ai,application_form,$1
C5,take the edge off,Alcohol Free Daily,1242007825660068,971652489253774,2026-06-29,True,61,DE,facebook|instagram|audience_network|messenger|threads,1,Tired of feeling held back by your drinking habits?,82% less alcohol in 30 days,calmio.ai,321,61,61,False,3,False,25-65,All,Therapy & Recovery Support for Life Challenges - Calmio.ai,application_form,$1
C5,take the edge off,Mindful Drinking Community,981893088342267,1406406354727613,2026-06-29,True,61,DE,facebook|instagram|audience_network|messenger|threads,1,Tired of feeling held back by your drinking habits?,82% less alcohol in 30 days,calmio.ai,444,68,68,False,6,False,25-65,All,Therapy & Recovery Support for Life Challenges - Calmio.ai,application_form,$1
C5,take the edge off,Mindful Drinking Community,981893088342267,2404345626723921,2026-06-29,True,61,DE,facebook|instagram|audience_network|messenger|threads,1,Tired of feeling held back by your drinking habits?,82% less alcohol in 30 days,calmio.ai,92,68,68,False,6,False,25-65,All,Therapy & Recovery Support for Life Challenges - Calmio.ai,application_form,$1
C5,take the edge off,Mindful Drinking Community,981893088342267,27344328288558031,2026-06-29,True,61,DE,facebook|instagram|audience_network|messenger|threads,1,Tired of feeling held back by your drinking habits?,82% less alcohol in 30 days,calmio.ai,29,68,68,False,6,False,25-65,All,Therapy & Recovery Support for Life Challenges - Calmio.ai,application_form,$1
C5,take the edge off,Mindful Drinking Community,981893088342267,1000254296115545,2026-06-29,True,61,DE,facebook|instagram|audience_network|messenger|threads,1,Tired of feeling held back by your drinking habits?,82% less alcohol in 30 days,calmio.ai,97,68,68,False,6,False,25-65,All,Therapy & Recovery Support for Life Challenges - Calmio.ai,application_form,$1
C5,take the edge off,Mindful Drinking Community,981893088342267,1549752343370848,2026-06-29,True,61,DE,facebook|instagram|audience_network|messenger|threads,1,Tired of feeling held back by your drinking habits?,82% less alcohol in 30 days,calmio.ai,181,68,68,False,6,False,25-65,All,Therapy & Recovery Support for Life Challenges - Calmio.ai,application_form,$1
C5,take the edge off,Mindful Drinking Community,981893088342267,1000428642594605,2026-06-29,True,61,DE,facebook|instagram|audience_network|messenger|threads,1,Tired of feeling held back by your drinking habits?,82% less alcohol in 30 days,calmio.ai,800,68,68,False,6,False,25-65,All,Therapy & Recovery Support for Life Challenges - Calmio.ai,application_form,$1
C5,take the edge off,Mindful Drinking Community,981893088342267,1407632974531519,2026-06-29,True,61,DE,facebook|instagram|audience_network|messenger|threads,1,Tired of feeling held back by your drinking habits?,82% less alcohol in 30 days,calmio.ai,114,68,68,False,6,False,25-65,All,Therapy & Recovery Support for Life Challenges - Calmio.ai,application_form,$1
C5,take the edge off,Mindful Drinking Community,981893088342267,4486648134888413,2026-06-29,True,61,DE,facebook|instagram|audience_network|messenger|threads,1,Tired of feeling held back by your drinking habits?,82% less alcohol in 30 days,calmio.ai,46,68,68,False,6,False,25-65,All,Therapy & Recovery Support for Life Challenges - Calmio.ai,application_form,$1
C5,take the edge off,Alcohol Free Daily,1242007825660068,3467802273387674,2026-06-29,True,61,NL,facebook|instagram|audience_network|messenger|threads,1,Tired of feeling held back by your drinking habits?,82% less alcohol in 30 days,calmio.ai,12440,61,61,False,3,False,25-65,All,Therapy & Recovery Support for Life Challenges - Calmio.ai,application_form,$1
C5,take the edge off,Mindful Drinking Community,981893088342267,2333551437052566,2026-06-29,True,61,NL,facebook|instagram|audience_network|messenger|threads,1,Tired of feeling held back by your drinking habits?,82% less alcohol in 30 days,calmio.ai,461,68,68,False,6,False,25-65,All,Therapy & Recovery Support for Life Challenges - Calmio.ai,application_form,$1
C5,take the edge off,Alcohol Free Daily,1242007825660068,3683262361813332,2026-06-29,True,61,NL,facebook|instagram|audience_network|messenger|threads,1,Tired of feeling held back by your drinking habits?,82% less alcohol in 30 days,calmio.ai,34000,61,61,False,3,False,25-65,All,Therapy & Recovery Support for Life Challenges - Calmio.ai,application_form,$1
C5,take the edge off,Mindful Drinking Community,981893088342267,787456261081220,2026-06-29,True,61,NL,facebook|instagram|audience_network|messenger|threads,1,Tired of feeling held back by your drinking habits?,82% less alcohol in 30 days,calmio.ai,70,68,68,False,6,False,25-65,All,Therapy & Recovery Support for Life Challenges - Calmio.ai,application_form,$1
C5,take the edge off,Alcohol Free Daily,1242007825660068,971652489253774,2026-06-29,True,61,NL,facebook|instagram|audience_network|messenger|threads,1,Tired of feeling held back by your drinking habits?,82% less alcohol in 30 days,calmio.ai,321,61,61,False,3,False,25-65,All,Therapy & Recovery Support for Life Challenges - Calmio.ai,application_form,$1
C5,take the edge off,Mindful Drinking Community,981893088342267,1406406354727613,2026-06-29,True,61,NL,facebook|instagram|audience_network|messenger|threads,1,Tired of feeling held back by your drinking habits?,82% less alcohol in 30 days,calmio.ai,444,68,68,False,6,False,25-65,All,Therapy & Recovery Support for Life Challenges - Calmio.ai,application_form,$1
C5,take the edge off,Mindful Drinking Community,981893088342267,2404345626723921,2026-06-29,True,61,NL,facebook|instagram|audience_network|messenger|threads,1,Tired of feeling held back by your drinking habits?,82% less alcohol in 30 days,calmio.ai,92,68,68,False,6,False,25-65,All,Therapy & Recovery Support for Life Challenges - Calmio.ai,application_form,$1
C5,take the edge off,Mindful Drinking Community,981893088342267,27344328288558031,2026-06-29,True,61,NL,facebook|instagram|audience_network|messenger|threads,1,Tired of feeling held back by your drinking habits?,82% less alcohol in 30 days,calmio.ai,29,68,68,False,6,False,25-65,All,Therapy & Recovery Support for Life Challenges - Calmio.ai,application_form,$1
C5,take the edge off,Mindful Drinking Community,981893088342267,1000254296115545,2026-06-29,True,61,NL,facebook|instagram|audience_network|messenger|threads,1,Tired of feeling held back by your drinking habits?,82% less alcohol in 30 days,calmio.ai,97,68,68,False,6,False,25-65,All,Therapy & Recovery Support for Life Challenges - Calmio.ai,application_form,$1
C5,take the edge off,Mindful Drinking Community,981893088342267,1549752343370848,2026-06-29,True,61,NL,facebook|instagram|audience_network|messenger|threads,1,Tired of feeling held back by your drinking habits?,82% less alcohol in 30 days,calmio.ai,181,68,68,False,6,False,25-65,All,Therapy & Recovery Support for Life Challenges - Calmio.ai,application_form,$1
C5,take the edge off,Mindful Drinking Community,981893088342267,1000428642594605,2026-06-29,True,61,NL,facebook|instagram|audience_network|messenger|threads,1,Tired of feeling held back by your drinking habits?,82% less alcohol in 30 days,calmio.ai,800,68,68,False,6,False,25-65,All,Therapy & Recovery Support for Life Challenges - Calmio.ai,application_form,$1
C5,take the edge off,Mindful Drinking Community,981893088342267,1015024347893287,2026-06-29,True,61,NL,facebook|instagram|audience_network|messenger|threads,1,Tired of feeling held back by your drinking habits?,82% less alcohol in 30 days,calmio.ai,43,68,68,False,6,False,25-65,All,Therapy & Recovery Support for Life Challenges - Calmio.ai,application_form,$1
C5,take the edge off,Mindful Drinking Community,981893088342267,1407632974531519,2026-06-29,True,61,NL,facebook|instagram|audience_network|messenger|threads,1,Tired of feeling held back by your drinking habits?,82% less alcohol in 30 days,calmio.ai,114,68,68,False,6,False,25-65,All,Therapy & Recovery Support for Life Challenges - Calmio.ai,application_form,$1
C5,take the edge off,Mindful Drinking Community,981893088342267,4486648134888413,2026-06-29,True,61,NL,facebook|instagram|audience_network|messenger|threads,1,Tired of feeling held back by your drinking habits?,82% less alcohol in 30 days,calmio.ai,46,68,68,False,6,False,25-65,All,Therapy & Recovery Support for Life Challenges - Calmio.ai,application_form,$1
C4,somatic,Digital Skating School,952302017975278,1542259510626147,2026-06-30,True,60,DK,facebook|instagram|audience_network|messenger|threads,1,"If you came to skating as an adult, you know the feeling: you drill the same moves for months and still can't tell if you're actually improving.",Stop Forcing Your Skating,digitalskatingschool.com/start,1326,60,60,False,2,False,18-65,All,Start – Digital Skating School,application_form,gated
C4,somatic,Digital Skating School,952302017975278,1027524393120178,2026-06-30,True,60,DK,facebook|instagram|audience_network|messenger|threads,1,"If you came to skating as an adult, you know the feeling: you drill the same moves for months and still can't tell if you're actually improving.",Stop Forcing Your Skating,digitalskatingschool.com/start,1023,60,60,False,2,False,18-65,All,Start – Digital Skating School,application_form,gated
C4,somatic,Digital Skating School,952302017975278,1542259510626147,2026-06-30,True,60,NL,facebook|instagram|audience_network|messenger|threads,1,"If you came to skating as an adult, you know the feeling: you drill the same moves for months and still can't tell if you're actually improving.",Stop Forcing Your Skating,digitalskatingschool.com/start,1326,60,60,False,2,False,18-65,All,Start – Digital Skating School,application_form,gated
C4,somatic,Digital Skating School,952302017975278,1027524393120178,2026-06-30,True,60,NL,facebook|instagram|audience_network|messenger|threads,1,"If you came to skating as an adult, you know the feeling: you drill the same moves for months and still can't tell if you're actually improving.",Stop Forcing Your Skating,digitalskatingschool.com/start,1023,60,60,False,2,False,18-65,All,Start – Digital Skating School,application_form,gated
C5,take the edge off,Ask Dr. Whitmore,1091684257372726,4609966819288059,2026-06-30,True,60,DK,facebook|instagram|audience_network|messenger|threads,1,You don’t need to hit rock bottom to make a change.,Discover your drinker type 👉,calmio.ai,264,60,60,False,3,False,25-65,All,Therapy & Recovery Support for Life Challenges - Calmio.ai,application_form,$1
C5,take the edge off,Ask Dr. Whitmore,1091684257372726,4609966819288059,2026-06-30,True,60,DE,facebook|instagram|audience_network|messenger|threads,1,You don’t need to hit rock bottom to make a change.,Discover your drinker type 👉,calmio.ai,264,60,60,False,3,False,25-65,All,Therapy & Recovery Support for Life Challenges - Calmio.ai,application_form,$1
C5,take the edge off,Ask Dr. Whitmore,1091684257372726,4609966819288059,2026-06-30,True,60,NL,facebook|instagram|audience_network|messenger|threads,1,You don’t need to hit rock bottom to make a change.,Discover your drinker type 👉,calmio.ai,264,60,60,False,3,False,25-65,All,Therapy & Recovery Support for Life Challenges - Calmio.ai,application_form,$1
C1,lying awake,The Honest Mama,1002980252908155,1572458927930662,2026-07-02,True,58,DK,facebook|instagram|audience_network|messenger|threads,2,Don't waste your money on grounding sheets until you hear what happened to me three weeks after I gave birth. I was the last person who thought something like this would help.,The sheet that helped her baby sleep,groundingwell.com,27,65,65,False,3,False,25-65,All,Heal your Body with  Nature's Electrons,direct_checkout,$39
C1,lying awake,The Honest Mama,1002980252908155,1572458927930662,2026-07-02,True,58,DE,facebook|instagram|audience_network|messenger|threads,2,Don't waste your money on grounding sheets until you hear what happened to me three weeks after I gave birth. I was the last person who thought something like this would help.,The sheet that helped her baby sleep,groundingwell.com,27,65,65,False,3,False,25-65,All,Heal your Body with  Nature's Electrons,direct_checkout,$39
C5,take the edge off,Bollsen,221815301688203,5431804830377229,2026-07-02,True,58,DK,facebook|instagram|audience_network|messenger|threads,1,I used to leave the gym with a headache more often than not.,"The gym got quiet, and my head finally caught up",lp.bollsen-hearingprotection.com,15710,58,58,False,2,False,18-65,All,BOLLSEN HEARING PROTECTION,direct_checkout,$1
C5,take the edge off,Bollsen,221815301688203,5431804830377229,2026-07-02,True,58,DE,facebook|instagram|audience_network|messenger|threads,1,I used to leave the gym with a headache more often than not.,"The gym got quiet, and my head finally caught up",lp.bollsen-hearingprotection.com,15710,58,58,False,2,False,18-65,All,BOLLSEN HEARING PROTECTION,direct_checkout,$1
C7,executive dysfunction,Human Behavior Lab,1018485781348164,884136418077975,2026-07-02,True,58,DE,facebook|instagram|audience_network|messenger|threads,1,"""I'm not lazy, I'm just overwhelmed."" Sound familiar?",For the brain with 47 tabs open at once. 🧠,blossomup.co,9,58,58,False,4,False,18-65,All,,,
C7,executive dysfunction,Human Behavior Lab,1018485781348164,884136418077975,2026-07-02,True,58,GB,facebook|instagram|audience_network|messenger|threads,1,"""I'm not lazy, I'm just overwhelmed."" Sound familiar?",For the brain with 47 tabs open at once. 🧠,blossomup.co,9,58,58,False,4,False,18-65,All,,,
C7,executive dysfunction,Human Behavior Lab,1018485781348164,1042499094835013,2026-07-02,True,58,GB,facebook|instagram|audience_network|messenger|threads,1,"""I'm not lazy, I'm just overwhelmed."" Sound familiar?",For the brain with 47 tabs open at once. 🧠,blossomup.co,7,58,58,False,4,False,18-65,All,,,
C7,executive dysfunction,Human Behavior Lab,1018485781348164,884136418077975,2026-07-02,True,58,US,facebook|instagram|audience_network|messenger|threads,1,"""I'm not lazy, I'm just overwhelmed."" Sound familiar?",For the brain with 47 tabs open at once. 🧠,blossomup.co,9,58,58,False,4,False,18-65,All,,,
C7,executive dysfunction,Human Behavior Lab,1018485781348164,1042499094835013,2026-07-02,True,58,US,facebook|instagram|audience_network|messenger|threads,1,"""I'm not lazy, I'm just overwhelmed."" Sound familiar?",For the brain with 47 tabs open at once. 🧠,blossomup.co,7,58,58,False,4,False,18-65,All,,,
C7,executive dysfunction,Human Behavior Lab,1018485781348164,884136418077975,2026-07-02,True,58,AU,facebook|instagram|audience_network|messenger|threads,1,"""I'm not lazy, I'm just overwhelmed."" Sound familiar?",For the brain with 47 tabs open at once. 🧠,blossomup.co,9,58,58,False,4,False,18-65,All,,,
C7,executive dysfunction,Human Behavior Lab,1018485781348164,1042499094835013,2026-07-02,True,58,AU,facebook|instagram|audience_network|messenger|threads,1,"""I'm not lazy, I'm just overwhelmed."" Sound familiar?",For the brain with 47 tabs open at once. 🧠,blossomup.co,7,58,58,False,4,False,18-65,All,,,
C2,mental load,Mona's Essentials,875988558929931,1929637971034509,2026-07-03,True,57,DE,instagram,1,Mental Load ist nicht dir Aufgabe.,,instagram.com,28322,57,57,False,1,False,25-65,Women,Instagram,application_form,$1
C4,dysregulated,Dr. Greg D Raymond,1071688112690624,1496796565524939,2026-07-03,True,57,GB,facebook|instagram|audience_network|messenger|threads,1,"If your belly won't move no matter what you eat or how much you exercise, cortisol is almost certainly the reason. High cortisol tells your body to store fat specifically in the abdomen, spikes hunger, kills fullness signals, and wrecks sleep, which raises cortisol again the next morning and keeps the whole cycle running.",Regulate your cortisol and lose that belly fat,rituallabs.shop,,74,74,False,3,False,18-65,All,,direct_checkout,$1
C4,dysregulated,Dr. Greg D Raymond,1071688112690624,1347620344146468,2026-07-03,True,57,GB,facebook|instagram|audience_network|messenger|threads,1,"If your belly won't move no matter what you eat or how much you exercise, cortisol is almost certainly the reason. High cortisol tells your body to store fat specifically in the abdomen, spikes hunger, kills fullness signals, and wrecks sleep, which raises cortisol again the next morning and keeps the whole cycle running.",Regulate your cortisol and lose that belly fat,rituallabs.shop,,74,74,False,3,False,18-65,All,,direct_checkout,$1
C4,dysregulated,Dr. Greg D Raymond,1071688112690624,1496796565524939,2026-07-03,True,57,US,facebook|instagram|audience_network|messenger|threads,1,"If your belly won't move no matter what you eat or how much you exercise, cortisol is almost certainly the reason. High cortisol tells your body to store fat specifically in the abdomen, spikes hunger, kills fullness signals, and wrecks sleep, which raises cortisol again the next morning and keeps the whole cycle running.",Regulate your cortisol and lose that belly fat,rituallabs.shop,,74,74,False,3,False,18-65,All,,direct_checkout,$1
C4,dysregulated,Dr. Greg D Raymond,1071688112690624,1347620344146468,2026-07-03,True,57,US,facebook|instagram|audience_network|messenger|threads,1,"If your belly won't move no matter what you eat or how much you exercise, cortisol is almost certainly the reason. High cortisol tells your body to store fat specifically in the abdomen, spikes hunger, kills fullness signals, and wrecks sleep, which raises cortisol again the next morning and keeps the whole cycle running.",Regulate your cortisol and lose that belly fat,rituallabs.shop,,74,74,False,3,False,18-65,All,,direct_checkout,$1
C4,dysregulated,Dr. Greg D Raymond,1071688112690624,1496796565524939,2026-07-03,True,57,AU,facebook|instagram|audience_network|messenger|threads,1,"If your belly won't move no matter what you eat or how much you exercise, cortisol is almost certainly the reason. High cortisol tells your body to store fat specifically in the abdomen, spikes hunger, kills fullness signals, and wrecks sleep, which raises cortisol again the next morning and keeps the whole cycle running.",Regulate your cortisol and lose that belly fat,rituallabs.shop,,74,74,False,3,False,18-65,All,,direct_checkout,$1
C4,dysregulated,Dr. Greg D Raymond,1071688112690624,1347620344146468,2026-07-03,True,57,AU,facebook|instagram|audience_network|messenger|threads,1,"If your belly won't move no matter what you eat or how much you exercise, cortisol is almost certainly the reason. High cortisol tells your body to store fat specifically in the abdomen, spikes hunger, kills fullness signals, and wrecks sleep, which raises cortisol again the next morning and keeps the whole cycle running.",Regulate your cortisol and lose that belly fat,rituallabs.shop,,74,74,False,3,False,18-65,All,,direct_checkout,$1
C2,mental load,Herzraum Verlag Bücher,911560088714086,2792923337746627,2026-07-05,True,55,DE,facebook|instagram|audience_network|messenger|threads,1,Du organisierst. Du kümmerst dich. Du denkst an alles.,Weniger Stress. Mehr Du.,amazon.de,80610,55,55,False,1,False,18-65,Women,,unknown,gated
C4,dysregulated,Charlotte Johnson,1177221908798278,1518456465810408,2026-07-05,True,55,GB,facebook|instagram|audience_network|messenger|threads,1,The router is visible through the door.,"Read If You're ""Too Sensitive""",sanctuary.spirad.com,,55,55,False,3,False,18-65,All,SPIRAD - Sacred Jewelry & Energy-Infused Wellness,unknown,gated
C4,dysregulated,Charlotte Johnson,1177221908798278,1518456465810408,2026-07-05,True,55,US,facebook|instagram|audience_network|messenger|threads,1,The router is visible through the door.,"Read If You're ""Too Sensitive""",sanctuary.spirad.com,,55,55,False,3,False,18-65,All,SPIRAD - Sacred Jewelry & Energy-Infused Wellness,unknown,gated
C4,dysregulated,Charlotte Johnson,1177221908798278,1518456465810408,2026-07-05,True,55,AU,facebook|instagram|audience_network|messenger|threads,1,The router is visible through the door.,"Read If You're ""Too Sensitive""",sanctuary.spirad.com,,55,55,False,3,False,18-65,All,SPIRAD - Sacred Jewelry & Energy-Infused Wellness,unknown,gated
C2,can't switch off,Clear Minds Hypnotherapy,101477508571098,1743706640227377,2026-07-06,True,54,GB,facebook|instagram|audience_network|messenger|threads,1,I can’t switch off… no matter how tired I am.,Try It Free for 7 Days,clearminds.com,,54,54,False,1,False,18-65,Women,,direct_checkout,gated
C2,can't switch off,Brandon Clear Minds,661000990427290,1030246302727430,2026-07-07,True,53,GB,facebook|instagram|audience_network|messenger|threads,1,You left. So why do you still miss them?,Why Your Mind Won't Switch Off❤️‍🩹,clearminds.com,,53,53,False,1,False,18-65,Women,,direct_checkout,gated
C2,can't switch off,Clear Minds Hypnotherapy,101477508571098,1571214634588239,2026-07-07,True,53,GB,facebook|instagram|audience_network|messenger|threads,1,I can’t switch off… no matter how tired I am.,Try It Free for 7 Days,clearminds.com,,54,54,False,1,False,18-65,Women,,direct_checkout,gated
C2,mental load,Rewired Woman,100532221467361,1053591717024608,2026-07-07,True,53,DE,facebook|instagram|messenger|threads,7,One of the most dangerous assumptions high-achieving women make is this:,,,5597,53,53,False,5,False,34-64,Women,,,
C2,mental load,Rewired Woman,100532221467361,1053591717024608,2026-07-07,True,53,NL,facebook|instagram|messenger|threads,7,One of the most dangerous assumptions high-achieving women make is this:,,,5597,53,53,False,5,False,34-64,Women,,,
C2,mental load,Rewired Woman,100532221467361,1053591717024608,2026-07-07,True,53,GB,facebook|instagram|messenger|threads,7,One of the most dangerous assumptions high-achieving women make is this:,,,5597,53,53,False,5,False,34-64,Women,,,
C2,mental load,RougeCare,106755214274250,27742885035307171,2026-07-07,True,53,GB,facebook|instagram,1,"They told you to hold it together. To show up. To push through. To do it all: the meetings, the meals, the mental load.",,instagram.com,,53,53,False,3,False,18-65,All,Instagram,application_form,$1
C2,mental load,Rewired Woman,100532221467361,1053591717024608,2026-07-07,True,53,US,facebook|instagram|messenger|threads,7,One of the most dangerous assumptions high-achieving women make is this:,,,5597,53,53,False,5,False,34-64,Women,,,
C2,mental load,RougeCare,106755214274250,27742885035307171,2026-07-07,True,53,US,facebook|instagram,1,"They told you to hold it together. To show up. To push through. To do it all: the meetings, the meals, the mental load.",,instagram.com,,53,53,False,3,False,18-65,All,Instagram,application_form,$1
C2,mental load,Rewired Woman,100532221467361,1053591717024608,2026-07-07,True,53,AU,facebook|instagram|messenger|threads,7,One of the most dangerous assumptions high-achieving women make is this:,,,5597,53,53,False,5,False,34-64,Women,,,
C2,mental load,RougeCare,106755214274250,27742885035307171,2026-07-07,True,53,AU,facebook|instagram,1,"They told you to hold it together. To show up. To push through. To do it all: the meetings, the meals, the mental load.",,instagram.com,,53,53,False,3,False,18-65,All,Instagram,application_form,$1
C4,somatic,Songdance,851447918284201,1404099495108922,2026-07-07,True,53,DK,facebook|instagram|audience_network|messenger|threads,4,"Clear emotional blocks, release old patterns, and reclaim your authentic voice. Join our 12-week Somatic Vocal Healing journey.","Free Your Voice, Free Yourself",songdance.co,366,53,53,False,2,False,18-65,All,"sounded. "",""Your voice already knows  how. "",""Before the words, there was a  sound. "",""You were born making  sound. ""]"">Some things can't be said. They can be  sounded.",application_form,€99
C4,somatic,Songdance,851447918284201,1553647869489276,2026-07-07,True,53,DK,facebook|instagram|audience_network|messenger|threads,4,"Clear emotional blocks, release old patterns, and reclaim your authentic voice. Join our 12-week Somatic Vocal Healing journey.","Free Your Voice, Free Yourself",songdance.co,473,53,53,False,2,False,18-65,All,"sounded. "",""Your voice already knows  how. "",""Before the words, there was a  sound. "",""You were born making  sound. ""]"">Some things can't be said. They can be  sounded.",application_form,€99
C4,somatic,Songdance,851447918284201,998494632991927,2026-07-07,True,53,DK,facebook|instagram|audience_network|messenger|threads,4,"Clear emotional blocks, release old patterns, and reclaim your authentic voice. Join our 12-week Somatic Vocal Healing journey.","Free Your Voice, Free Yourself",songdance.co,8119,53,53,False,2,False,18-65,All,"sounded. "",""Your voice already knows  how. "",""Before the words, there was a  sound. "",""You were born making  sound. ""]"">Some things can't be said. They can be  sounded.",application_form,€99
C4,somatic,Songdance,851447918284201,1404099495108922,2026-07-07,True,53,NL,facebook|instagram|audience_network|messenger|threads,4,"Clear emotional blocks, release old patterns, and reclaim your authentic voice. Join our 12-week Somatic Vocal Healing journey.","Free Your Voice, Free Yourself",songdance.co,366,53,53,False,2,False,18-65,All,"sounded. "",""Your voice already knows  how. "",""Before the words, there was a  sound. "",""You were born making  sound. ""]"">Some things can't be said. They can be  sounded.",application_form,€99
C4,somatic,Songdance,851447918284201,1553647869489276,2026-07-07,True,53,NL,facebook|instagram|audience_network|messenger|threads,4,"Clear emotional blocks, release old patterns, and reclaim your authentic voice. Join our 12-week Somatic Vocal Healing journey.","Free Your Voice, Free Yourself",songdance.co,473,53,53,False,2,False,18-65,All,"sounded. "",""Your voice already knows  how. "",""Before the words, there was a  sound. "",""You were born making  sound. ""]"">Some things can't be said. They can be  sounded.",application_form,€99
C4,somatic,Songdance,851447918284201,998494632991927,2026-07-07,True,53,NL,facebook|instagram|audience_network|messenger|threads,4,"Clear emotional blocks, release old patterns, and reclaim your authentic voice. Join our 12-week Somatic Vocal Healing journey.","Free Your Voice, Free Yourself",songdance.co,8119,53,53,False,2,False,18-65,All,"sounded. "",""Your voice already knows  how. "",""Before the words, there was a  sound. "",""You were born making  sound. ""]"">Some things can't be said. They can be  sounded.",application_form,€99
C6,burnout recovery,Rewired Woman,100532221467361,27177025318664183,2026-07-07,True,53,DE,facebook|instagram|messenger|threads,6,Want to learn how we help executive women leaders end burnout and REWIRE their brains for sustainable success?,,,4631,53,53,False,5,False,34-64,Women,,,
C6,burnout recovery,Rewired Woman,100532221467361,27177025318664183,2026-07-07,True,53,NL,facebook|instagram|messenger|threads,6,Want to learn how we help executive women leaders end burnout and REWIRE their brains for sustainable success?,,,4631,53,53,False,5,False,34-64,Women,,,
C6,burnout recovery,Rewired Woman,100532221467361,27177025318664183,2026-07-07,True,53,GB,facebook|instagram|messenger|threads,6,Want to learn how we help executive women leaders end burnout and REWIRE their brains for sustainable success?,,,4631,53,53,False,5,False,34-64,Women,,,
C6,burnout recovery,Rewired Woman,100532221467361,27177025318664183,2026-07-07,True,53,US,facebook|instagram|messenger|threads,6,Want to learn how we help executive women leaders end burnout and REWIRE their brains for sustainable success?,,,4631,53,53,False,5,False,34-64,Women,,,
C6,burnout recovery,Rewired Woman,100532221467361,27177025318664183,2026-07-07,True,53,AU,facebook|instagram|messenger|threads,6,Want to learn how we help executive women leaders end burnout and REWIRE their brains for sustainable success?,,,4631,53,53,False,5,False,34-64,Women,,,
C2,switch off after work,Peabody New Homes,596114973867843,1385246996835492,2026-07-08,True,52,GB,facebook|instagram,1,Make your routine work for you at Southmere,"Discover Southmere, SE2",peabodynewhomes.southmere,,52,52,False,1,False,18-65,All,,,
C2,switch off after work,Peabody New Homes,596114973867843,1831544788227024,2026-07-08,True,52,GB,facebook|instagram,1,Make your routine work for you at Southmere,Discover Southmere,ad.doubleclick.net,,52,52,False,1,False,18-65,All,Meaningful insights. Smarter marketing. Better results.,optin,gated
C2,switch off after work,Peabody New Homes,596114973867843,4488491944728358,2026-07-08,True,52,GB,facebook|instagram,1,Make your routine work for you at Southmere,"Discover Southmere, SE2",peabodynewhomes.southmere,,52,52,False,1,False,18-65,All,,,
C3,checking my phone,Laura Lange,830061876854671,2211111466318566,2026-07-08,True,52,DE,facebook|instagram|messenger,1,🕰️💸 GRAB YOUR FREE 4 HOUR WORK DAY STARTER PACK VIA THE LINK BELOW ⬇️,,itslauralange.thrivecart.com,1023,52,52,False,4,False,23-45,Women,Revenue Infrastructure for Modern Creators,application_form,gated
C3,checking my phone,Laura Lange,830061876854671,2211111466318566,2026-07-08,True,52,NL,facebook|instagram|messenger,1,🕰️💸 GRAB YOUR FREE 4 HOUR WORK DAY STARTER PACK VIA THE LINK BELOW ⬇️,,itslauralange.thrivecart.com,1023,52,52,False,4,False,23-45,Women,Revenue Infrastructure for Modern Creators,application_form,gated
C3,checking my phone,Laura Lange,830061876854671,2211111466318566,2026-07-08,True,52,GB,facebook|instagram|messenger,1,🕰️💸 GRAB YOUR FREE 4 HOUR WORK DAY STARTER PACK VIA THE LINK BELOW ⬇️,,itslauralange.thrivecart.com,1023,52,52,False,4,False,23-45,Women,Revenue Infrastructure for Modern Creators,application_form,gated
C3,checking my phone,Laura Lange,830061876854671,2211111466318566,2026-07-08,True,52,US,facebook|instagram|messenger,1,🕰️💸 GRAB YOUR FREE 4 HOUR WORK DAY STARTER PACK VIA THE LINK BELOW ⬇️,,itslauralange.thrivecart.com,1023,52,52,False,4,False,23-45,Women,Revenue Infrastructure for Modern Creators,application_form,gated
C6,burnout recovery,The Tired Years,1161188990405693,2605896213200372,2026-07-08,True,52,GB,facebook|instagram|audience_network|messenger|threads,1,Knowing you need to rest and actually being able to rest are two completely different skills. One is information. The other is a nervous system problem.,Caregiver Burnout: The Recovery Roadmap,thetiredyears.org,126,52,52,False,3,False,18-65,All,"The tired years 
      don't have to  last.",direct_checkout,$17.00
C6,burnout recovery,The Tired Years,1161188990405693,2605896213200372,2026-07-08,True,52,US,facebook|instagram|audience_network|messenger|threads,1,Knowing you need to rest and actually being able to rest are two completely different skills. One is information. The other is a nervous system problem.,Caregiver Burnout: The Recovery Roadmap,thetiredyears.org,126,52,52,False,3,False,18-65,All,"The tired years 
      don't have to  last.",direct_checkout,$17.00
C6,burnout recovery,The Tired Years,1161188990405693,2605896213200372,2026-07-08,True,52,AU,facebook|instagram|audience_network|messenger|threads,1,Knowing you need to rest and actually being able to rest are two completely different skills. One is information. The other is a nervous system problem.,Caregiver Burnout: The Recovery Roadmap,thetiredyears.org,126,52,52,False,3,False,18-65,All,"The tired years 
      don't have to  last.",direct_checkout,$17.00
C2,mental load,Rewired Woman,100532221467361,856922107211970,2026-07-09,True,51,DE,facebook|instagram|messenger|threads,7,The next level isn't more effort.,,,4057,51,51,False,5,False,34-64,Women,,,
C2,mental load,Rewired Woman,100532221467361,3519517778205277,2026-07-09,True,51,DE,facebook|instagram|messenger|threads,7,Most accomplished women are operating far below their true capacity.,,,4829,51,51,False,5,False,34-64,Women,,,
C2,mental load,Rewired Woman,100532221467361,856922107211970,2026-07-09,True,51,NL,facebook|instagram|messenger|threads,7,The next level isn't more effort.,,,4057,51,51,False,5,False,34-64,Women,,,
C2,mental load,Rewired Woman,100532221467361,3519517778205277,2026-07-09,True,51,NL,facebook|instagram|messenger|threads,7,Most accomplished women are operating far below their true capacity.,,,4829,51,51,False,5,False,34-64,Women,,,
C2,mental load,Rewired Woman,100532221467361,856922107211970,2026-07-09,True,51,GB,facebook|instagram|messenger|threads,7,The next level isn't more effort.,,,4057,51,51,False,5,False,34-64,Women,,,
C2,mental load,Rewired Woman,100532221467361,3519517778205277,2026-07-09,True,51,GB,facebook|instagram|messenger|threads,7,Most accomplished women are operating far below their true capacity.,,,4829,51,51,False,5,False,34-64,Women,,,
C2,mental load,Rewired Woman,100532221467361,856922107211970,2026-07-09,True,51,US,facebook|instagram|messenger|threads,7,The next level isn't more effort.,,,4057,51,51,False,5,False,34-64,Women,,,
C2,mental load,Rewired Woman,100532221467361,3519517778205277,2026-07-09,True,51,US,facebook|instagram|messenger|threads,7,Most accomplished women are operating far below their true capacity.,,,4829,51,51,False,5,False,34-64,Women,,,
C2,mental load,Rewired Woman,100532221467361,856922107211970,2026-07-09,True,51,AU,facebook|instagram|messenger|threads,7,The next level isn't more effort.,,,4057,51,51,False,5,False,34-64,Women,,,
C2,mental load,Rewired Woman,100532221467361,3519517778205277,2026-07-09,True,51,AU,facebook|instagram|messenger|threads,7,Most accomplished women are operating far below their true capacity.,,,4829,51,51,False,5,False,34-64,Women,,,
C6,burnout recovery,Rewired Woman,100532221467361,1349951617250221,2026-07-09,True,51,DE,facebook|instagram|messenger|threads,6,The real ROI of this work isn't burnout recovery.,,,4371,51,51,False,5,False,34-64,Women,,,
C6,burnout recovery,Rewired Woman,100532221467361,1349951617250221,2026-07-09,True,51,NL,facebook|instagram|messenger|threads,6,The real ROI of this work isn't burnout recovery.,,,4371,51,51,False,5,False,34-64,Women,,,
C6,burnout recovery,Rewired Woman,100532221467361,1349951617250221,2026-07-09,True,51,GB,facebook|instagram|messenger|threads,6,The real ROI of this work isn't burnout recovery.,,,4371,51,51,False,5,False,34-64,Women,,,
C6,burnout recovery,Rewired Woman,100532221467361,1349951617250221,2026-07-09,True,51,US,facebook|instagram|messenger|threads,6,The real ROI of this work isn't burnout recovery.,,,4371,51,51,False,5,False,34-64,Women,,,
C6,burnout recovery,Rewired Woman,100532221467361,1349951617250221,2026-07-09,True,51,AU,facebook|instagram|messenger|threads,6,The real ROI of this work isn't burnout recovery.,,,4371,51,51,False,5,False,34-64,Women,,,
C1,lying awake,Peak Performance Hypnosis,179079905491968,2879032329128231,2026-07-10,True,50,DK,facebook|instagram|audience_network|messenger|threads,2,"3 days of dread before a 30-minute speech is the real cost nobody warns people about, so here's what I'd do about it:",🗑️ Throw Away Your Presentation Breathing Rituals,peakperfermancehypnosis.com,1191,50,50,False,3,False,18-65,All,,,
C1,lying awake,Peak Performance Hypnosis,179079905491968,2879032329128231,2026-07-10,True,50,DE,facebook|instagram|audience_network|messenger|threads,2,"3 days of dread before a 30-minute speech is the real cost nobody warns people about, so here's what I'd do about it:",🗑️ Throw Away Your Presentation Breathing Rituals,peakperfermancehypnosis.com,1191,50,50,False,3,False,18-65,All,,,
C1,lying awake,Peak Performance Hypnosis,179079905491968,2879032329128231,2026-07-10,True,50,NL,facebook|instagram|audience_network|messenger|threads,2,"3 days of dread before a 30-minute speech is the real cost nobody warns people about, so here's what I'd do about it:",🗑️ Throw Away Your Presentation Breathing Rituals,peakperfermancehypnosis.com,1191,50,50,False,3,False,18-65,All,,,
C2,switch off after work,Sculpd,100638434943864,1018287427609419,2026-07-10,True,50,DE,facebook|instagram|audience_network,1,"Come home, open your phone, scroll for an hour, feel worse than when you started. I know the feeling. Started doing pottery to switch off after work and I genuinely cannot explain how different it feels. Everything's in the Sculpd kit. No setup, no skill needed. Just you, some clay, and something real to show for it. 1m pots sculpted. Find out why.",No screen. Just clay.,sculpd.eu,2506,50,50,False,3,False,18-65,All,Sculpd,direct_checkout,€49
C2,switch off after work,Sculpd,100638434943864,1018287427609419,2026-07-10,True,50,NL,facebook|instagram|audience_network,1,"Come home, open your phone, scroll for an hour, feel worse than when you started. I know the feeling. Started doing pottery to switch off after work and I genuinely cannot explain how different it feels. Everything's in the Sculpd kit. No setup, no skill needed. Just you, some clay, and something real to show for it. 1m pots sculpted. Find out why.",No screen. Just clay.,sculpd.eu,2506,50,50,False,3,False,18-65,All,Sculpd,direct_checkout,€49
C2,mental load,Inkboard,306755089179984,27498243879818620,2026-07-10,True,50,DK,facebook|instagram|audience_network|messenger|threads,1,"The mental load is real, and mostly invisible. Inku takes the running list out of your head and puts your whole day in one glanceable widget. Calendar + tasks, finally in one place.",Your whole day in one glance,play.google.com,31567,50,50,False,6,False,20-65,All,,unknown,gated
C2,mental load,Inkboard,306755089179984,27498243879818620,2026-07-10,True,50,DE,facebook|instagram|audience_network|messenger|threads,1,"The mental load is real, and mostly invisible. Inku takes the running list out of your head and puts your whole day in one glanceable widget. Calendar + tasks, finally in one place.",Your whole day in one glance,play.google.com,31567,50,50,False,6,False,20-65,All,,unknown,gated
C2,mental load,Inkboard,306755089179984,27498243879818620,2026-07-10,True,50,NL,facebook|instagram|audience_network|messenger|threads,1,"The mental load is real, and mostly invisible. Inku takes the running list out of your head and puts your whole day in one glanceable widget. Calendar + tasks, finally in one place.",Your whole day in one glance,play.google.com,31567,50,50,False,6,False,20-65,All,,unknown,gated
C2,mental load,Inkboard,306755089179984,27498243879818620,2026-07-10,True,50,GB,facebook|instagram|audience_network|messenger|threads,1,"The mental load is real, and mostly invisible. Inku takes the running list out of your head and puts your whole day in one glanceable widget. Calendar + tasks, finally in one place.",Your whole day in one glance,play.google.com,31567,50,50,False,6,False,20-65,All,,unknown,gated
C2,mental load,Alex Neilan - Sustainable Change,1094873850546976,1370150005061345,2026-07-10,True,50,GB,facebook|instagram|audience_network|messenger|threads,1,"If you’ve been struggling with your weight for years, ask yourself something honestly:",How To Permanently Transform Your Body Without Food Restrictions,go.sustainablechange.com,,50,50,False,1,False,48-64,Women,Confirm where You Would you like us to send your group invitation...,application_form,gated
C2,mental load,Inkboard,306755089179984,27498243879818620,2026-07-10,True,50,US,facebook|instagram|audience_network|messenger|threads,1,"The mental load is real, and mostly invisible. Inku takes the running list out of your head and puts your whole day in one glanceable widget. Calendar + tasks, finally in one place.",Your whole day in one glance,play.google.com,31567,50,50,False,6,False,20-65,All,,unknown,gated
C2,mental load,Inkboard,306755089179984,27498243879818620,2026-07-10,True,50,AU,facebook|instagram|audience_network|messenger|threads,1,"The mental load is real, and mostly invisible. Inku takes the running list out of your head and puts your whole day in one glanceable widget. Calendar + tasks, finally in one place.",Your whole day in one glance,play.google.com,31567,50,50,False,6,False,20-65,All,,unknown,gated
C4,dysregulated,Fresh Start Family,794881037202156,990762877335463,2026-07-10,True,50,GB,facebook|instagram,1,Most parents struggle with losing their temper and snapping at their kids because they try to correct behavior while their own nervous system is completely dysregulated…,,,,50,50,False,3,False,30-45,Women,,,
C4,dysregulated,Fresh Start Family,794881037202156,990762877335463,2026-07-10,True,50,US,facebook|instagram,1,Most parents struggle with losing their temper and snapping at their kids because they try to correct behavior while their own nervous system is completely dysregulated…,,,,50,50,False,3,False,30-45,Women,,,
C4,dysregulated,Fresh Start Family,794881037202156,990762877335463,2026-07-10,True,50,AU,facebook|instagram,1,Most parents struggle with losing their temper and snapping at their kids because they try to correct behavior while their own nervous system is completely dysregulated…,,,,50,50,False,3,False,30-45,Women,,,
C4,regulate your nervous system,Amy Thiessen,188933971139513,1801795227457406,2026-07-10,True,50,GB,facebook|instagram|audience_network,1,"Sometimes stress doesn’t just live in the mind. It lives in the body, in the breath, and in the voice.",Feel More Grounded & Connected,fb.me,2321,50,50,False,2,False,18-65,All,,,
C4,regulate your nervous system,Amy Thiessen,188933971139513,1049216834224951,2026-07-10,True,50,GB,facebook|instagram|audience_network,1,"Sometimes stress doesn’t just live in the mind. It lives in the body, in the breath, and in the voice.",Feel More Grounded & Connected,fb.me,157,50,50,False,2,False,18-65,All,,,
C4,regulate your nervous system,Amy Thiessen,188933971139513,1801795227457406,2026-07-10,True,50,US,facebook|instagram|audience_network,1,"Sometimes stress doesn’t just live in the mind. It lives in the body, in the breath, and in the voice.",Feel More Grounded & Connected,fb.me,2321,50,50,False,2,False,18-65,All,,,
C4,regulate your nervous system,Amy Thiessen,188933971139513,1049216834224951,2026-07-10,True,50,US,facebook|instagram|audience_network,1,"Sometimes stress doesn’t just live in the mind. It lives in the body, in the breath, and in the voice.",Feel More Grounded & Connected,fb.me,157,50,50,False,2,False,18-65,All,,,
C1,spiralling,The Daily Wellness,100350709108637,1413719490815568,2026-07-11,True,49,GB,facebook|instagram|audience_network|messenger|threads,1,5 Early Warning Signs Your Bladder Leaks Are About to Get Worse (That Most GPs Miss),5 Early Warning Signs Your Bladder Leaks Are Getting Worse,serraphea.com,,49,49,False,1,False,18-65,All,,direct_checkout,£36.45
C2,mental load,Lessie Fitness,116143894813499,1002373396045696,2026-07-11,True,49,GB,facebook|instagram|messenger|threads,1,She didn’t stop loving her husband.,Reconnect With Sensation,betterme-kegel-plan.com,,49,49,False,3,False,18-65,Women,BetterMe,direct_checkout,gated
C2,mental load,Lessie Fitness,116143894813499,1546446510596755,2026-07-11,True,49,GB,facebook|instagram|messenger|threads,1,She didn’t stop loving her husband.,Reconnect With Sensation,betterme-kegel-plan.com,,49,49,False,3,False,18-65,Women,BetterMe,direct_checkout,gated
C2,mental load,Lessie Fitness,116143894813499,1698016921243371,2026-07-11,True,49,GB,facebook|instagram|messenger|threads,1,She didn’t stop loving her husband.,Reconnect With Sensation,betterme-kegel-plan.com,,49,49,False,3,False,18-65,Women,BetterMe,direct_checkout,gated
C2,mental load,Lessie Fitness,116143894813499,1002373396045696,2026-07-11,True,49,US,facebook|instagram|messenger|threads,1,She didn’t stop loving her husband.,Reconnect With Sensation,betterme-kegel-plan.com,,49,49,False,3,False,18-65,Women,BetterMe,direct_checkout,gated
C2,mental load,Lessie Fitness,116143894813499,1546446510596755,2026-07-11,True,49,US,facebook|instagram|messenger|threads,1,She didn’t stop loving her husband.,Reconnect With Sensation,betterme-kegel-plan.com,,49,49,False,3,False,18-65,Women,BetterMe,direct_checkout,gated
C2,mental load,Lessie Fitness,116143894813499,1698016921243371,2026-07-11,True,49,US,facebook|instagram|messenger|threads,1,She didn’t stop loving her husband.,Reconnect With Sensation,betterme-kegel-plan.com,,49,49,False,3,False,18-65,Women,BetterMe,direct_checkout,gated
C2,mental load,Lessie Fitness,116143894813499,1002373396045696,2026-07-11,True,49,AU,facebook|instagram|messenger|threads,1,She didn’t stop loving her husband.,Reconnect With Sensation,betterme-kegel-plan.com,,49,49,False,3,False,18-65,Women,BetterMe,direct_checkout,gated
C2,mental load,Lessie Fitness,116143894813499,1546446510596755,2026-07-11,True,49,AU,facebook|instagram|messenger|threads,1,She didn’t stop loving her husband.,Reconnect With Sensation,betterme-kegel-plan.com,,49,49,False,3,False,18-65,Women,BetterMe,direct_checkout,gated
C2,mental load,Lessie Fitness,116143894813499,1698016921243371,2026-07-11,True,49,AU,facebook|instagram|messenger|threads,1,She didn’t stop loving her husband.,Reconnect With Sensation,betterme-kegel-plan.com,,49,49,False,3,False,18-65,Women,BetterMe,direct_checkout,gated
C2,mental load,Lessie Fitness,116143894813499,1048100954306938,2026-07-12,True,48,GB,facebook|instagram|messenger|threads,1,She didn’t stop loving her husband.,Reconnect With Sensation,betterme-kegel-plan.com,,49,49,False,3,False,18-65,Women,BetterMe,direct_checkout,gated
C2,mental load,Lessie Fitness,116143894813499,1546685150489331,2026-07-12,True,48,GB,facebook|instagram|messenger|threads,1,She didn’t stop loving her husband.,Reconnect With Sensation,betterme-kegel-plan.com,,49,49,False,3,False,18-65,Women,BetterMe,direct_checkout,gated
C2,mental load,Lessie Fitness,116143894813499,1048100954306938,2026-07-12,True,48,US,facebook|instagram|messenger|threads,1,She didn’t stop loving her husband.,Reconnect With Sensation,betterme-kegel-plan.com,,49,49,False,3,False,18-65,Women,BetterMe,direct_checkout,gated
C2,mental load,Lessie Fitness,116143894813499,1546685150489331,2026-07-12,True,48,US,facebook|instagram|messenger|threads,1,She didn’t stop loving her husband.,Reconnect With Sensation,betterme-kegel-plan.com,,49,49,False,3,False,18-65,Women,BetterMe,direct_checkout,gated
C2,mental load,Lessie Fitness,116143894813499,1048100954306938,2026-07-12,True,48,AU,facebook|instagram|messenger|threads,1,She didn’t stop loving her husband.,Reconnect With Sensation,betterme-kegel-plan.com,,49,49,False,3,False,18-65,Women,BetterMe,direct_checkout,gated
C2,mental load,Lessie Fitness,116143894813499,1546685150489331,2026-07-12,True,48,AU,facebook|instagram|messenger|threads,1,She didn’t stop loving her husband.,Reconnect With Sensation,betterme-kegel-plan.com,,49,49,False,3,False,18-65,Women,BetterMe,direct_checkout,gated
C1,spiralling,Clear Minds Hypnotherapy,101477508571098,1571711071205885,2026-07-13,True,47,GB,facebook|instagram|audience_network|messenger|threads,1,"At 40, Hannah from Leeds had finally stopped calling herself lazy.",Made for an ADHD brain.,clearminds.com,,47,47,False,1,False,18-65,Women,,direct_checkout,gated
C4,somatic,Ben Schwarcz - Transformational Coaching,103769482994352,1023219603900929,2026-07-13,True,47,DK,facebook|instagram,1,You don’t consciously choose emotionally unavailable men.,Free Masterclass,www.ecstaticsomatic.com,16359,47,47,False,3,False,30-55,Women,FREE ONLINE MASTERCLASS,application_form,gated
C4,somatic,Ben Schwarcz - Transformational Coaching,103769482994352,1023219603900929,2026-07-13,True,47,DE,facebook|instagram,1,You don’t consciously choose emotionally unavailable men.,Free Masterclass,www.ecstaticsomatic.com,16359,47,47,False,3,False,30-55,Women,FREE ONLINE MASTERCLASS,application_form,gated
C4,somatic,Ben Schwarcz - Transformational Coaching,103769482994352,1023219603900929,2026-07-13,True,47,NL,facebook|instagram,1,You don’t consciously choose emotionally unavailable men.,Free Masterclass,www.ecstaticsomatic.com,16359,47,47,False,3,False,30-55,Women,FREE ONLINE MASTERCLASS,application_form,gated
C4,body keeps the score,Rachel Morrison,818107688062411,4347905405524220,2026-07-13,True,47,GB,facebook|instagram|audience_network|messenger|threads,1,"Before Bessel van der Kolk wrote the final chapter of his career, he said something I haven't been able to stop thinking about.",Read This If You're Still Waiting To Heal,heldhonest.com,,47,47,False,2,False,18-65,All,"@media screen and (max-width: 749px) {
                        .header__heading-logo--main-desktop {
                            display: none !important;
                        }
                        .header__headin",direct_checkout,$60
C4,body keeps the score,Rachel Morrison,818107688062411,1380658733961043,2026-07-13,True,47,GB,facebook|instagram|audience_network|messenger|threads,1,"Before Bessel van der Kolk wrote the final chapter of his career, he said something I haven't been able to stop thinking about.",Read This If Your're Still Waiting To Heal,heldhonest.com,,47,47,False,2,False,18-65,All,"@media screen and (max-width: 749px) {
                        .header__heading-logo--main-desktop {
                            display: none !important;
                        }
                        .header__headin",direct_checkout,$60
C4,body keeps the score,Rachel Morrison,818107688062411,897715120046339,2026-07-13,True,47,GB,facebook|instagram|audience_network|messenger|threads,1,"Before Bessel van der Kolk wrote the final chapter of his career, he said something I haven't been able to stop thinking about.",Read This If You're Still Waiting To Heal,heldhonest.com,,47,47,False,2,False,18-65,All,"@media screen and (max-width: 749px) {
                        .header__heading-logo--main-desktop {
                            display: none !important;
                        }
                        .header__headin",direct_checkout,$60
C4,body keeps the score,Rachel Morrison,818107688062411,1637689167325632,2026-07-13,True,47,GB,facebook|instagram|audience_network|messenger|threads,1,"Before Bessel van der Kolk wrote the final chapter of his career, he said something I haven't been able to stop thinking about.",Read This If You're Still Waiting To Heal,heldhonest.com,,47,47,False,2,False,18-65,All,"@media screen and (max-width: 749px) {
                        .header__heading-logo--main-desktop {
                            display: none !important;
                        }
                        .header__headin",direct_checkout,$60
C4,body keeps the score,Rachel Morrison,818107688062411,4347905405524220,2026-07-13,True,47,AU,facebook|instagram|audience_network|messenger|threads,1,"Before Bessel van der Kolk wrote the final chapter of his career, he said something I haven't been able to stop thinking about.",Read This If You're Still Waiting To Heal,heldhonest.com,,47,47,False,2,False,18-65,All,"@media screen and (max-width: 749px) {
                        .header__heading-logo--main-desktop {
                            display: none !important;
                        }
                        .header__headin",direct_checkout,$60
C4,body keeps the score,Rachel Morrison,818107688062411,1380658733961043,2026-07-13,True,47,AU,facebook|instagram|audience_network|messenger|threads,1,"Before Bessel van der Kolk wrote the final chapter of his career, he said something I haven't been able to stop thinking about.",Read This If Your're Still Waiting To Heal,heldhonest.com,,47,47,False,2,False,18-65,All,"@media screen and (max-width: 749px) {
                        .header__heading-logo--main-desktop {
                            display: none !important;
                        }
                        .header__headin",direct_checkout,$60
C4,body keeps the score,Rachel Morrison,818107688062411,897715120046339,2026-07-13,True,47,AU,facebook|instagram|audience_network|messenger|threads,1,"Before Bessel van der Kolk wrote the final chapter of his career, he said something I haven't been able to stop thinking about.",Read This If You're Still Waiting To Heal,heldhonest.com,,47,47,False,2,False,18-65,All,"@media screen and (max-width: 749px) {
                        .header__heading-logo--main-desktop {
                            display: none !important;
                        }
                        .header__headin",direct_checkout,$60
C4,body keeps the score,Rachel Morrison,818107688062411,1637689167325632,2026-07-13,True,47,AU,facebook|instagram|audience_network|messenger|threads,1,"Before Bessel van der Kolk wrote the final chapter of his career, he said something I haven't been able to stop thinking about.",Read This If You're Still Waiting To Heal,heldhonest.com,,47,47,False,2,False,18-65,All,"@media screen and (max-width: 749px) {
                        .header__heading-logo--main-desktop {
                            display: none !important;
                        }
                        .header__headin",direct_checkout,$60
C1,lying awake,Amara - The Turkish Oracle,1106023699254098,1945401752800878,2026-07-14,True,46,DE,facebook|instagram|audience_network|messenger|threads,1,She hadn't heard from him in 3 months...,Just Try This And Wait...,thecoffeecuporacle.com,623,46,46,False,1,False,18-65,All,Coffee Cup Oracle,direct_checkout,$11.11
C1,lying awake,Amara - The Turkish Oracle,1106023699254098,1890313895269677,2026-07-14,True,46,DE,facebook|instagram|audience_network|messenger|threads,1,She hadn't heard from him in 3 months...,Just Try This And Wait...,thecoffeecuporacle.com,8,46,46,False,1,False,18-65,All,Coffee Cup Oracle,direct_checkout,$11.11
C1,lying awake,Amara - The Turkish Oracle,1106023699254098,1566912755063831,2026-07-14,True,46,DE,facebook|instagram|audience_network|messenger|threads,1,She hadn't heard from him in 3 months...,Just Try This And Wait...,thecoffeecuporacle.com,148,46,46,False,1,False,18-65,All,Coffee Cup Oracle,direct_checkout,$11.11
C1,lying awake,Amara - The Turkish Oracle,1106023699254098,1504658405009253,2026-07-14,True,46,DE,facebook|instagram|audience_network|messenger|threads,1,She hadn't heard from him in 3 months...,Just Try This And Wait...,thecoffeecuporacle.com,97,46,46,False,1,False,18-65,All,Coffee Cup Oracle,direct_checkout,$11.11
C1,lying awake,Amara - The Turkish Oracle,1106023699254098,2528160347644896,2026-07-14,True,46,DE,facebook|instagram|audience_network|messenger|threads,1,She hadn't heard from him in 3 months...,Just Try This And Wait...,thecoffeecuporacle.com,13,46,46,False,1,False,18-65,All,Coffee Cup Oracle,direct_checkout,$11.11
C1,lying awake,Amara - The Turkish Oracle,1106023699254098,1326994772447789,2026-07-14,True,46,DE,facebook|instagram|audience_network|messenger|threads,1,She hadn't heard from him in 3 months...,Just Try This And Wait...,thecoffeecuporacle.com,19,46,46,False,1,False,18-65,All,Coffee Cup Oracle,direct_checkout,$11.11
C1,lying awake,Amara - The Turkish Oracle,1106023699254098,1733191141047215,2026-07-14,True,46,DE,facebook|instagram|audience_network|messenger|threads,1,She hadn't heard from him in 3 months...,Just Try This And Wait...,thecoffeecuporacle.com,69,46,46,False,1,False,18-65,All,Coffee Cup Oracle,direct_checkout,$11.11
C1,lying awake,Amara - The Turkish Oracle,1106023699254098,1610599030470630,2026-07-14,True,46,DE,facebook|instagram|audience_network|messenger|threads,1,She hadn't heard from him in 3 months...,Just Try This And Wait...,thecoffeecuporacle.com,1458,46,46,False,1,False,18-65,All,Coffee Cup Oracle,direct_checkout,$11.11
C1,lying awake,Amara - The Turkish Oracle,1106023699254098,2018261285475176,2026-07-14,True,46,DE,facebook|instagram|audience_network|messenger|threads,1,She hadn't heard from him in 3 months...,Just Try This And Wait...,thecoffeecuporacle.com,99,46,46,False,1,False,18-65,All,Coffee Cup Oracle,direct_checkout,$11.11
C1,lying awake,Amara - The Turkish Oracle,1106023699254098,1055594577029484,2026-07-14,True,46,DE,facebook|instagram|audience_network|messenger|threads,1,She hadn't heard from him in 3 months...,Just Try This And Wait...,thecoffeecuporacle.com,19,46,46,False,1,False,18-65,All,Coffee Cup Oracle,direct_checkout,$11.11
C1,lying awake,Amara - The Turkish Oracle,1106023699254098,1782019736179991,2026-07-14,True,46,DE,facebook|instagram|audience_network|messenger|threads,1,She hadn't heard from him in 3 months...,Just Try This And Wait...,thecoffeecuporacle.com,78,46,46,False,1,False,18-65,All,Coffee Cup Oracle,direct_checkout,$11.11
C1,spiralling,AccountsIQ,127731067266878,1007868018527329,2026-07-14,True,46,GB,facebook|instagram|messenger|threads,1,Xero prices rising?,Outgrowing Xero? We’ve got you.,accountsiq.com,1376,46,46,False,1,False,30-64,All,Cloud Accounting Trusted by Mid-Market Finance Teams,vsl,€275 per mo
C1,spiralling,AccountsIQ,127731067266878,939998732442747,2026-07-14,True,46,GB,facebook|instagram|messenger|threads,1,Xero prices rising?,Outgrowing Xero? We’ve got you.,accountsiq.com,1847,46,46,False,1,False,30-64,All,Cloud Accounting Trusted by Mid-Market Finance Teams,vsl,€275 per mo
C4,dysregulated,Elonga US,1070696226130319,1783854853058827,2026-07-14,True,46,DK,facebook|instagram|threads,1,I don’t guess your stress levels…,,www.elonga.com,2136,46,46,False,4,False,18-65,All,The only 3-minute morning wearable,optin,$99
C4,dysregulated,Elonga US,1070696226130319,1783854853058827,2026-07-14,True,46,DE,facebook|instagram|threads,1,I don’t guess your stress levels…,,www.elonga.com,2136,46,46,False,4,False,18-65,All,The only 3-minute morning wearable,optin,$99
C4,dysregulated,Elonga US,1070696226130319,1783854853058827,2026-07-14,True,46,NL,facebook|instagram|threads,1,I don’t guess your stress levels…,,www.elonga.com,2136,46,46,False,4,False,18-65,All,The only 3-minute morning wearable,optin,$99
C4,dysregulated,Elonga US,1070696226130319,1783854853058827,2026-07-14,True,46,GB,facebook|instagram|threads,1,I don’t guess your stress levels…,,www.elonga.com,2136,46,46,False,4,False,18-65,All,The only 3-minute morning wearable,optin,$99
C4,somatic,Flowers For Dais,1614184762021345,1735513244266695,2026-07-14,True,46,DK,facebook|instagram|audience_network|messenger|threads,1,🌙 From Hobby to Paid Astrologer in 4 Steps 🌙,Turn Your Astrology Hobby Into a Paid Practice,flowersfordaisastrology.com,2180,46,46,False,3,False,18-65,Women,Flowers For Dais,optin,€11
C4,somatic,Flowers For Dais,1614184762021345,982455928128603,2026-07-14,True,46,DK,facebook|instagram|audience_network|messenger|threads,1,🌙 From Hobby to Paid Astrologer in 4 Steps 🌙,Turn Your Astrology Hobby Into a Paid Practice,flowersfordaisastrology.com,1236,46,46,False,3,False,18-65,Women,Flowers For Dais,optin,€11
C4,somatic,Flowers For Dais,1614184762021345,1021006830650987,2026-07-14,True,46,DK,facebook|instagram|audience_network|messenger|threads,1,🌙 From Hobby to Paid Astrologer in 4 Steps 🌙,Turn Your Astrology Hobby Into a Paid Practice,flowersfordaisastrology.com,498,46,46,False,3,False,18-65,Women,Flowers For Dais,optin,€11
C4,somatic,Flowers For Dais,1614184762021345,1735513244266695,2026-07-14,True,46,DE,facebook|instagram|audience_network|messenger|threads,1,🌙 From Hobby to Paid Astrologer in 4 Steps 🌙,Turn Your Astrology Hobby Into a Paid Practice,flowersfordaisastrology.com,2180,46,46,False,3,False,18-65,Women,Flowers For Dais,optin,€11
C4,somatic,Flowers For Dais,1614184762021345,982455928128603,2026-07-14,True,46,DE,facebook|instagram|audience_network|messenger|threads,1,🌙 From Hobby to Paid Astrologer in 4 Steps 🌙,Turn Your Astrology Hobby Into a Paid Practice,flowersfordaisastrology.com,1236,46,46,False,3,False,18-65,Women,Flowers For Dais,optin,€11
C4,somatic,Flowers For Dais,1614184762021345,1021006830650987,2026-07-14,True,46,DE,facebook|instagram|audience_network|messenger|threads,1,🌙 From Hobby to Paid Astrologer in 4 Steps 🌙,Turn Your Astrology Hobby Into a Paid Practice,flowersfordaisastrology.com,498,46,46,False,3,False,18-65,Women,Flowers For Dais,optin,€11
C4,somatic,Flowers For Dais,1614184762021345,1735513244266695,2026-07-14,True,46,NL,facebook|instagram|audience_network|messenger|threads,1,🌙 From Hobby to Paid Astrologer in 4 Steps 🌙,Turn Your Astrology Hobby Into a Paid Practice,flowersfordaisastrology.com,2180,46,46,False,3,False,18-65,Women,Flowers For Dais,optin,€11
C4,somatic,Flowers For Dais,1614184762021345,982455928128603,2026-07-14,True,46,NL,facebook|instagram|audience_network|messenger|threads,1,🌙 From Hobby to Paid Astrologer in 4 Steps 🌙,Turn Your Astrology Hobby Into a Paid Practice,flowersfordaisastrology.com,1236,46,46,False,3,False,18-65,Women,Flowers For Dais,optin,€11
C4,somatic,Flowers For Dais,1614184762021345,1021006830650987,2026-07-14,True,46,NL,facebook|instagram|audience_network|messenger|threads,1,🌙 From Hobby to Paid Astrologer in 4 Steps 🌙,Turn Your Astrology Hobby Into a Paid Practice,flowersfordaisastrology.com,498,46,46,False,3,False,18-65,Women,Flowers For Dais,optin,€11
C8,stresshåndtering,Djøf,98486774725,2084475655497196,2026-07-14,True,46,DK,facebook|instagram|messenger,5,"Det giver ret god mening, hvis du vil stå stærkt i dit arbejdsliv.",Få 3 måneder for 0 kr. ➡️,djoef.dk,23001,46,46,False,1,False,27-60,All,Din fagforening - stå stærkt i dit studie- og arbejdsliv,application_form,0 kr
C8,stresshåndtering,Djøf,98486774725,26679223118418171,2026-07-14,True,46,DK,facebook|instagram|messenger,5,"🔥 Prøv vores ydelser kvit og frit i 3 måneder. Det giver ret god mening, hvis du vil stå stærkt i dit arbejdsliv.",Få 3 måneder for 0 kr. ➡️,djoef.dk,33536,46,46,False,1,False,27-60,All,Din fagforening - stå stærkt i dit studie- og arbejdsliv,application_form,0 kr
C8,stresshåndtering,Djøf,98486774725,1008252068849781,2026-07-14,True,46,DK,facebook|instagram|messenger,5,"Det giver ret god mening, hvis du vil stå stærkt i dit arbejdsliv.",Få 3 måneder for 0 kr. ➡️,djoef.dk,49483,46,46,False,1,False,27-60,All,Din fagforening - stå stærkt i dit studie- og arbejdsliv,application_form,0 kr
C8,stresshåndtering,Djøf,98486774725,1026306853713520,2026-07-14,True,46,DK,facebook|instagram|messenger,5,"🔥 Prøv vores ydelser kvit og frit i 3 måneder. Det giver ret god mening, hvis du vil stå stærkt i dit arbejdsliv.",Få 3 måneder for 0 kr. ➡️,djoef.dk,6177,46,46,False,1,False,27-60,All,Din fagforening - stå stærkt i dit studie- og arbejdsliv,application_form,0 kr
C8,stresshåndtering,Djøf,98486774725,883617298140234,2026-07-14,True,46,DK,facebook|instagram|messenger,5,"🔥 Prøv vores ydelser kvit og frit i 3 måneder. Det giver ret god mening, hvis du vil stå stærkt i dit arbejdsliv.",Få 3 måneder for 0 kr. ➡️,djoef.dk,18988,46,46,False,1,False,27-60,All,Din fagforening - stå stærkt i dit studie- og arbejdsliv,application_form,0 kr
C8,stresshåndtering,Djøf,98486774725,1512696173261481,2026-07-14,True,46,DK,facebook|instagram|messenger,5,"Det giver ret god mening, hvis du vil stå stærkt i dit arbejdsliv.",Få 3 måneder for 0 kr. ➡️,djoef.dk,19261,46,46,False,1,False,27-60,All,Din fagforening - stå stærkt i dit studie- og arbejdsliv,application_form,0 kr
C8,stresshåndtering,Djøf,98486774725,1740007673696962,2026-07-14,True,46,DK,facebook|instagram|messenger,5,"Det giver ret god mening, hvis du vil stå stærkt i dit arbejdsliv.",Få 3 måneder for 0 kr. ➡️,djoef.dk,20233,46,46,False,1,False,27-60,All,Din fagforening - stå stærkt i dit studie- og arbejdsliv,application_form,0 kr
C8,stresshåndtering,Djøf,98486774725,2116783155567740,2026-07-14,True,46,DK,facebook|instagram|messenger,5,🔥 Prøv vores ydelser kvit og frit i 3 måneder – og stå stærkt i dit arbejdsliv som vores 110.000 andre medlemmer.,Få 3 måneder for 0 kr. ➡️,djoef.dk,2888,46,46,False,1,False,27-60,All,Din fagforening - stå stærkt i dit studie- og arbejdsliv,application_form,0 kr
C8,stresshåndtering,Djøf,98486774725,3140202936164183,2026-07-14,True,46,DK,facebook|instagram|messenger,5,"🔥 Prøv vores ydelser kvit og frit i 3 måneder. Det giver ret god mening, hvis du vil stå stærkt i dit arbejdsliv.",Få 3 måneder for 0 kr. ➡️,djoef.dk,5034,46,46,False,1,False,27-60,All,Din fagforening - stå stærkt i dit studie- og arbejdsliv,application_form,0 kr
C8,stresshåndtering,Djøf,98486774725,3535196499977459,2026-07-14,True,46,DK,facebook|instagram|messenger,5,🔥 Prøv vores ydelser kvit og frit i 3 måneder – og stå stærkt i dit arbejdsliv som vores 110.000 andre medlemmer.,Få 3 måneder for 0 kr. ➡️,djoef.dk,3869,46,46,False,1,False,27-60,All,Din fagforening - stå stærkt i dit studie- og arbejdsliv,application_form,0 kr
C8,stresshåndtering,Djøf,98486774725,4263087580669007,2026-07-14,True,46,DK,facebook|instagram|messenger,5,🔥 Prøv vores ydelser kvit og frit i 3 måneder – og stå stærkt i dit arbejdsliv som vores 110.000 andre medlemmer.,Få 3 måneder for 0 kr. ➡️,djoef.dk,1952,46,46,False,1,False,27-60,All,Din fagforening - stå stærkt i dit studie- og arbejdsliv,application_form,0 kr
C8,stresshåndtering,Djøf,98486774725,1046332104501272,2026-07-14,True,46,DK,facebook|instagram|messenger,5,"Det giver ret god mening, hvis du vil stå stærkt i dit arbejdsliv.",Få 3 måneder for 0 kr. ➡️,djoef.dk,10386,46,46,False,1,False,27-60,All,Din fagforening - stå stærkt i dit studie- og arbejdsliv,application_form,0 kr
C2,can't switch off,Lamate - Amsterdam,393883350478653,1579324863719231,2026-07-15,True,45,GB,facebook|instagram|audience_network|messenger|threads,1,It's 11pm. The house is finally quiet — but your mind is still carrying everyone else's worries.,For Women Who Can't Switch Off,lamatejewelry.com,,45,45,False,2,False,18-65,All,"Protect your energy. 
Wear your intention.",direct_checkout,$39.00
C2,can't switch off,Lamate - Amsterdam,393883350478653,1579324863719231,2026-07-15,True,45,US,facebook|instagram|audience_network|messenger|threads,1,It's 11pm. The house is finally quiet — but your mind is still carrying everyone else's worries.,For Women Who Can't Switch Off,lamatejewelry.com,,45,45,False,2,False,18-65,All,"Protect your energy. 
Wear your intention.",direct_checkout,$39.00
C2,switch off after work,Real Mad Honey,105776664622277,1341689158092155,2026-07-15,True,45,GB,facebook|instagram|audience_network|messenger|threads,1,Being unable to switch off after work isn't a personality trait. It's your nervous system stuck in a gear it can't get out of. Mad honey has a naturally occurring compound called grayanotoxin that physically addresses that. Not gradually over weeks. Within 30 minutes of taking a spoon. This batch is nearly out. Grab your jar before they're still on sale.,The buzz without the damage.,realmadhoney.uk,,45,45,False,1,False,21-65,All,Wild Mad Honey Nature’s Rarest Ritual in a Jar,direct_checkout,£0.00
C2,switch off after work,Sculpd,100638434943864,2106941984034184,2026-07-15,True,45,GB,facebook|instagram|audience_network,1,"Come home, open your phone, scroll for an hour, feel worse than when you started. I know the feeling. Started doing pottery to switch off after work and I genuinely cannot explain how different it feels. Everything's in the Sculpd kit. No setup, no skill needed. Just you, some clay, and something real to show for it. 1m pots sculpted. Find out why.",No screen. Just clay.,sculpd.co.uk,,50,50,False,3,False,18-65,All,Sculpd,direct_checkout,£35
C5,take the edge off,Loop,517850318391712,27177937075210510,2026-07-15,True,45,DK,facebook|instagram|messenger|threads,4,"Some days, a little extra quiet is just what you need to focus, relax, or sleep better ✨ Loop earplugs can help you find it.",Take the edge off,loopearplugs.com,32393,45,45,False,1,False,18-65,All,"Your Life, Your Volume | Loop Earplugs",direct_checkout,$1
C8,stresscoach,Livsharmonien,108630587332998,1580500653506072,2026-07-15,True,45,DK,facebook,1,𝗞𝗲𝗻𝗱𝗲𝗿 𝗱𝘂 𝘀𝘆𝗺𝗽𝘁𝗼𝗺𝗲𝗿𝗻𝗲 𝗽𝗮̊ 𝘀𝘁𝗿𝗲𝘀𝘀? 𝗗𝗲𝘁 𝗸𝗮𝗻 𝗯𝗹.𝗮. 𝘃æ𝗿𝗲:,Interesseret? 👉🏻,livsharmonien.dk,2706,45,45,False,1,False,35-64,Women,,unknown,gated
C8,stresscoach,Livsharmonien,108630587332998,1059118036570766,2026-07-15,True,45,DK,facebook,1,𝗞𝗲𝗻𝗱𝗲𝗿 𝗱𝘂 𝘀𝘆𝗺𝗽𝘁𝗼𝗺𝗲𝗿𝗻𝗲 𝗽𝗮̊ 𝘀𝘁𝗿𝗲𝘀𝘀? 𝗗𝗲𝘁 𝗸𝗮𝗻 𝗯𝗹.𝗮. 𝘃æ𝗿𝗲:,Interesseret? 👉🏻,livsharmonien.dk,3170,45,45,False,1,False,35-64,Women,,unknown,gated
